0,00:00:00.000,4,1,___
242,00:00:00.200,4,1,___
243,00:00:00.220,4,1,___
244,00:00:00.260,4,1,___
247,00:00:00.280,3,1,on/off road
248,00:00:00.360,3,1,on/off road
251,00:00:00.380,3,1,on/off road
252,00:00:00.440,3,1,on/off road
253,00:00:00.460,3,1,on/off road
256,00:00:00.500,2,2,on/off road
257,00:00:00.540,2,2,on/off road
258,00:00:00.560,2,2,on/off road
261,00:00:00.600,3,1,on/off road
262,00:00:00.640,3,1,on/off road
263,00:00:00.660,3,1,on/off road
392,00:00:00.680,3,1,on/off road
396,00:00:00.740,3,1,on/off road
397,00:00:00.780,3,1,on/off road
400,00:00:00.820,1,1,on/off road
401,00:00:00.839,1,1,on/off road
402,00:00:00.879,1,1,on/off road
405,00:00:00.919,3,2,on/off road
406,00:00:00.939,3,1,on/off road
407,00:00:00.959,3,1,on/off road
408,00:00:00.979,3,1,on/off road
412,00:00:01.059,3,2,on/off road
413,00:00:01.079,3,2,on/off road
416,00:00:01.139,3,1,on/off road
417,00:00:01.179,3,1,on/off road
421,00:00:01.259,3,2,on/off road
423,00:00:01.279,3,2,on/off road
425,00:00:01.319,4,1,on/off road
426,00:00:01.359,4,1,on/off road
427,00:00:01.379,4,1,on/off road
429,00:00:01.399,4,1,on/off road
430,00:00:01.439,4,1,on/off road
431,00:00:01.479,4,1,on/off road
434,00:00:01.519,5,2,on/off road
435,00:00:01.539,5,2,on/off road
436,00:00:01.579,5,2,on/off road
438,00:00:01.639,3,2,on/off road
439,00:00:01.659,3,2,on/off road
441,00:00:01.679,3,2,on/off road
443,00:00:01.719,3,1,on/off road
444,00:00:01.759,3,1,on/off road
445,00:00:01.779,3,1,on/off road
448,00:00:01.819,3,1,on/off road
449,00:00:01.859,3,1,on/off road
451,00:00:01.879,3,1,on/off road
453,00:00:01.959,4,1,on/off road
455,00:00:01.979,4,1,on/off road
458,00:00:02.019,5,1,on/off road
459,00:00:02.059,5,1,on/off road
460,00:00:02.079,4,1,on/off road
463,00:00:02.159,4,1,on/off road
464,00:00:02.179,4,1,on/off road
466,00:00:02.199,4,1,on/off road
467,00:00:02.259,4,1,on/off road
468,00:00:02.279,4,1,on/off road
471,00:00:02.319,5,1,on/off road
472,00:00:02.379,5,1,on/off road
473,00:00:02.399,5,1,on/off road
475,00:00:02.459,5,1,on/off road
476,00:00:02.479,5,1,on/off road
477,00:00:02.498,5,1,on/off road
478,00:00:02.518,5,1,on/off road
481,00:00:02.558,4,1,on/off road
482,00:0002.578,4,1,on/off road
483,00:00:02.618,4,1,on/off road
484,00:00:02.698,4,1,on/off road
486,00:00:02.778,3,0,on/off road
488,00:00:02.798,3,0,on/off road
489,00:00:02.818,3,0,on/off road
492,00:00:02.858,5,0,on/off road
493,00:00:02.878,5,0,on/off road
494,00:00:02.918,5,0,on/off road
498,00:00:02.998,2,0,on/off road
499,00:00:03.018,2,0,on/off road
501,00:00:03.058,1,0,on/off road
502,00:00:03.078,1,0,on/off road
503,00:00:03.118,1,0,on/off road
506,00:00:03.158,3,0,on/off road
507,00:00:03.178,3,0,on/off road
508,00:00:03.218,3,0,on/off road
511,00:00:03.298,4,0,on/off road
512,00:00:03.318,4,0,on/off road
515,00:00:03.378,5,0,on/off road
516,00:00:03.398,5,0,on/off road
517,00:00:03.418,5,0,on/off road
520,00:00:03.438,6,0,on/off road
521,00:00:03.478,6,0,on/off road
523,00:00:03.518,6,0,on/off road
526,00:00:03.558,5,0,on/off road
527,00:00:03.618,5,0,on/off road
531,00:00:03.678,4,0,on/off road
533,00:00:03.718,4,0,on/off road
536,00:00:03.798,4,0,on/off road
537,00:00:03.818,4,0,on/off road
540,00:00:03.858,7,0,on/off road
541,00:00:03.878,7,0,on/off road
542,00:00:03.898,7,0,on/off road
543,00:00:03.918,7,0,on/off road
546,00:00:03.978,5,0,on/off road
547,00:00:04.018,5,0,on/off road
550,00:00:04.078,7,0,on/off road
551,00:00:04.118,7,0,on/off road
555,00:00:04.197,6,0,on/off road
557,00:00:04.217,6,0,on/off road
559,00:00:04.257,6,0,on/off road
561,00:00:04.317,6,0,on/off road
564,00:00:04.337,6,1,on/off road
565,00:00:04.397,6,1,on/off road
566,00:00:04.417,6,1,on/off road
570,00:00:04.477,7,0,on/off road
572,00:00:04.517,7,0,on/off road
575,00:00:04.577,5,1,on/off road
577,00:00:04.597,5,1,on/off road
578,00:00:04.617,5,1,on/off road
580,00:00:04.637,5,1,on/off road
581,00:00:04.697,5,1,on/off road
582,00:00:04.717,5,1,on/off road
584,00:00:04.797,5,1,on/off road
586,00:00:04.857,5,1,vehicle
589,00:00:04.897,4,0,on/off road
590,00:00:04.917,4,0,on/off road
591,00:00:04.957,4,0,on/off road
595,00:00:05.017,4,0,vehicle
596,00:00:05.037,4,0,vehicle
597,00:00:05.057,4,0,vehicle
600,00:00:05.137,3,0,vehicle
601,00:00:05.157,3,0,vehicle
603,00:00:05.197,4,0,vehicle
604,00:00:05.217,4,0,vehicle
606,00:00:05.257,4,0,vehicle
610,00:00:05.357,4,0,vehicle
614,00:00:05.417,5,0,vehicle
615,00:00:05.457,5,0,vehicle
618,00:00:05.517,5,0,on/off road
619,00:00:05.537,5,0,on/off road
620,00:00:05.577,5,0,on/off road
623,00:00:05.617,4,0,on/off road
624,00:00:05.637,4,0,on/off road
625,00:00:05.657,4,0,on/off road
626,00:00:05.677,4,0,on/off road
629,00:00:05.697,1,0,vehicle
630,00:00:05.737,1,0,vehicle
631,00:00:05.777,1,0,vehicle
634,00:00:05.816,1,0,on/off road
635,00:00:05.836,1,0,on/off road
636,00:00:05.896,1,0,on/off road
638,00:00:05.916,1,0,on/off road
639,00:00:05.956,1,0,on/off road
641,00:00:05.976,1,0,on/off road
642,00:00:06.056,1,0,vehicle
644,00:00:06.076,1,0,vehicle
645,00:00:06.096,1,0,vehicle
647,00:00:06.116,1,0,vehicle
648,00:00:06.176,1,0,vehicle
650,00:00:06.216,1,0,vehicle
653,00:00:06.276,1,0,vehicle
654,00:00:06.476,1,0,vehicle
657,00:00:06.576,1,0,on/off road
659,00:00:06.596,1,0,on/off road
662,00:00:06.616,4,1,on/off road
663,00:00:06.656,4,1,on/off road
664,00:00:06.676,4,1,on/off road
665,00:00:06.696,4,1,on/off road
667,00:00:06.756,2,0,on/off road
669,00:00:06.776,2,0,on/off road
670,00:00:06.796,2,0,on/off road
672,00:00:06.816,2,0,on/off road
673,00:00:06.876,2,0,on/off road
674,00:00:06.896,2,0,on/off road
676,00:00:06.936,3,0,on/off road
677,00:00:06.956,3,0,on/off road
678,00:00:06.996,3,0,on/off road
681,00:00:07.036,3,0,on/off road
682,00:00:07.076,3,0,on/off road
683,00:00:07.096,3,0,on/off road
686,00:00:07.176,3,0,on/off road
687,00:00:07.196,3,0,on/off road
690,00:00:07.296,5,0,on/off road
691,00:00:07.316,5,0,on/off road
694,00:00:07.416,3,0,on/off road
695,00:00:07.476,3,0,on/off road
697,00:00:07.515,4,0,on/off road
700,00:00:07.575,1,0,on/off road
701,00:00:07.615,1,0,on/off road
703,00:00:07.675,1,0,on/off road
707,00:00:07.775,4,0,on/off road
710,00:00:07.815,2,0,on/off road
712,00:00:07.835,2,0,on/off road
713,00:00:07.955,2,0,on/off road
716,00:00:08.055,2,0,on/off road
717,00:00:08.095,2,0,on/off road
720,00:00:08.235,2,0,on/off road
721,00:00:08.255,2,0,on/off road
722,00:00:08.295,2,0,on/off road
725,00:00:08.335,4,0,on/off road
727,00:00:08.375,3,0,on/off road
728,00:00:08.395,3,0,on/off road
730,00:00:08.415,4,0,on/off road
731,00:00:08.495,4,0,on/off road
733,00:00:08.515,4,0,on/off road
735,00:00:08.555,4,0,on/off road
736,00:00:08.575,4,0,on/off road
738,00:00:08.615,4,0,on/off road
739,00:00:08.635,4,0,on/off road
740,00:00:08.675,4,0,on/off road
741,00:00:08.735,4,0,on/off road
744,00:00:08.755,4,0,on/off road
745,00:00:08.815,4,0,on/off road
746,00:00:08.835,4,0,on/off road
750,00:00:08.915,4,0,on/off road
751,00:00:08.935,4,0,on/off road
753,00:00:08.955,4,0,on/off road
754,00:00:08.975,4,0,on/off road
755,00:00:08.995,4,0,on/off road
756,00:00:09.035,4,0,on/off road
759,00:00:09.095,2,0,on/off road
760,00:00:09.134,2,0,on/off road
763,00:00:09.214,2,0,on/off road
764,00:00:09.314,2,0,on/off road
767,00:00:09.414,1,0,on/off road
768,00:00:09.454,1,0,on/off road
770,00:00:09.534,1,0,on/off road
773,00:00:09.594,1,0,on/off road
774,00:00:09.674,1,0,on/off road
777,00:00:09.734,1,0,on/off road
779,00:00:09.774,1,0,on/off road
782,00:00:09.834,1,0,on/off road
783,00:00:09.894,0,0,on/off road
784,00:00:09.914,0,0,on/off road
788,00:00:09.994,0,0,on/off road
789,00:00:10.014,0,0,on/off road
791,00:00:10.054,0,0,on/off road
793,00:00:10.114,0,0,on/off road
796,00:00:10.154,0,0,on/off road
797,00:00:10.174,0,0,on/off road
798,00:00:10.194,0,0,on/off road
800,00:00:10.414,0,0,on/off road
801,00:00:10.474,0,0,on/off road
802,00:00:10.514,0,0,on/off road
803,00:00:10.654,0,0,on/off road
805,00:00:10.754,1,0,on/off road
806,00:00:10.774,1,0,on/off road
807,00:00:10.853,1,0,on/off road
810,00:00:11.713,1,0,on/off road
811,00:00:12.492,1,0,on/off road
812,00:00:12.512,1,0,on/off road
813,00:00:12.532,1,0,on/off road
829,00:00:14.531,3,0,on/off road
830,00:00:14.551,3,0,on/off road
831,00:00:14.611,3,0,on/off road
834,00:00:14.691,3,0,on/off road
835,00:00:14.711,3,0,on/off road
837,00:00:14.751,3,0,on/off road
840,00:00:14.831,3,0,on/off road
841,00:00:14.891,3,0,on/off road
844,00:00:14.931,3,0,on/off road
845,00:00:15.151,3,0,on/off road
847,00:00:15.191,3,0,on/off road
850,00:00:15.371,2,0,on/off road
851,00:00:15.511,2,0,on/off road
853,00:00:15.611,1,0,on/off road
854,00:00:15.631,1,0,on/off road
855,00:00:15.771,1,0,on/off road
857,00:00:15.830,1,0,on/off road
858,00:00:15.850,1,0,on/off road
859,00:00:15.870,1,0,on/off road
862,00:00:15.930,2,0,on/off road
863,00:00:15.950,2,0,on/off road
865,00:00:16.030,2,0,on/off road
869,00:00:16.070,2,0,on/off road
870,00:00:16.170,2,0,on/off road
871,00:00:16.190,3,0,on/off road
874,00:00:16.250,1,0,on/off road
876,00:00:16.290,1,0,on/off road
878,00:00:16.470,1,0,on/off road
879,00:00:16.570,1,0,on/off road
880,00:00:16.590,1,0,on/off road
884,00:00:16.730,2,0,on/off road
885,00:00:16.790,2,0,on/off road
886,00:00:16.870,2,0,on/off road
888,00:00:16.950,2,0,on/off road
889,00:00:17.090,2,0,on/off road
891,00:00:17.110,2,0,on/off road
893,00:00:17.130,1,0,on/off road
894,00:00:17.190,1,0,on/off road
895,00:00:17.270,1,0,on/off road
898,00:00:17.310,2,0,on/off road
899,00:00:17.350,2,0,on/off road
900,00:00:17.370,2,0,on/off road
902,00:00:17.390,1,0,on/off road
903,00:00:17.430,1,0,on/off road
904,00:00:17.449,1,0,on/off road
905,00:00:17.469,1,0,on/off road
908,00:00:17.489,1,0,on/off road
909,00:00:17.569,1,0,on/off road
910,00:00:17.609,1,0,on/off road
912,00:00:17.629,1,0,on/off road
913,00:00:17.669,1,0,on/off road
914,00:00:17.709,1,0,on/off road
917,00:00:17.869,1,0,on/off road
918,00:00:17.889,1,0,on/off road
921,00:00:17.949,2,0,on/off road
922,00:00:17.989,2,0,on/off road
923,00:00:18.009,2,0,on/off road
925,00:00:18.109,3,0,on/off road
926,00:00:18.149,3,0,on/off road
930,00:00:18.229,3,0,on/off road
931,00:00:18.269,3,0,on/off road
933,00:00:18.309,3,0,on/off road
934,00:00:18.329,3,0,on/off road
936,00:00:18.429,3,0,on/off road
939,00:00:18.549,3,0,on/off road
940,00:00:18.569,3,0,on/off road
941,00:00:18.689,3,0,on/off road
942,00:00:18.889,3,0,on/off road
945,00:00:19.668,2,0,on/off road
946,00:00:19.788,2,0,on/off road
950,00:00:19.908,4,0,on/off road
951,00:00:19.928,4,0,on/off road
952,00:00:20.048,4,0,on/off road
955,00:00:20.907,3,0,on/off road
957,00:00:21.047,3,0,on/off road
959,00:00:21.127,3,0,on/off road
960,00:00:21.167,3,0,on/off road
961,00:00:21.207,3,0,on/off road
962,00:00:21.227,3,0,on/off road
965,00:00:21.267,3,0,on/off road
966,00:00:21.327,3,0,on/off road
968,00:00:21.387,3,0,on/off road
969,00:00:21.507,3,0,on/off road
970,00:00:21.527,3,0,on/off road
971,00:00:21.547,3,0,on/off road
975,00:00:21.587,3,0,on/off road
976,00:00:21.767,3,0,on/off road
978,00:00:21.847,4,0,on/off road
979,00:00:21.967,4,0,on/off road
980,00:00:21.987,4,0,on/off road
982,00:00:22.307,4,0,on/off road
983,00:00:22.347,4,0,on/off road
984,00:00:22.387,4,0,on/off road
988,00:00:22.566,3,0,on/off road
989,00:00:22.586,3,0,on/off road
991,00:00:22.626,2,0,on/off road
992,00:00:22.686,2,0,on/off road
993,00:00:22.766,2,0,on/off road
994,00:00:22.786,2,0,on/off road
997,00:00:23.006,2,0,on/off road
998,00:00:23.066,2,0,___
999,00:00:23.446,2,0,___
1002,00:00:23.526,3,1,on/off road
1003,00:00:23.966,3,1,on/off road
1004,00:00:23.986,3,1,on/off road
1007,00:00:24.225,1,0,on/off road
1008,00:00:24.445,1,0,on/off road
1017,00:00:25.225,1,0,on/off road
1018,00:00:25.365,1,0,on/off road
1019,00:00:25.764,1,0,on/off road
1022,00:00:26.484,1,1,___
1023,00:00:26.524,1,1,___
1026,00:00:26.844,1,1,___
1027,00:00:27.144,1,1,___
1029,00:00:27.184,1,1,___
1030,00:00:27.244,1,1,___
1031,00:00:27.483,1,1,___
1032,00:00:27.663,1,1,___
1033,00:00:27.923,1,1,___
1037,00:00:28.043,2,0,on/off road
1039,00:00:28.243,2,0,on/off road
1040,00:00:28.283,2,0,on/off road
1043,00:00:28.323,3,0,on/off road
1044,00:00:28.623,4,0,on/off road
1048,00:00:28.683,3,0,on/off road
1049,00:00:28.943,3,0,on/off road
1054,00:00:29.302,1,0,on/off road
1056,00:00:29.402,1,0,on/off road
1057,00:00:29.442,1,0,on/off road
1059,00:00:29.622,1,0,on/off road
1060,00:00:29.642,1,0,on/off road
1061,00:00:29.682,1,0,on/off road
1062,00:00:29.702,1,0,on/off road
1063,00:00:29.722,1,0,on/off road
1065,00:00:29.742,2,0,on/off road
1066,00:00:29.762,2,0,on/off road
1067,00:00:29.822,2,0,on/off road
1070,00:00:29.882,2,0,on/off road
1071,00:00:30.602,2,0,on/off road
1073,00:00:30.941,3,0,on/off road
1075,00:00:31.261,3,0,on/off road
1076,00:00:31.281,3,0,on/off road
1084,00:00:31.861,1,0,on/off road
1085,00:00:31.881,1,0,on/off road
1087,00:00:31.901,1,0,on/off road
1089,00:00:32.800,1,0,on/off road
1098,00:00:33.260,0,0,on/off road
1099,00:00:33.300,0,0,on/off road
1108,00:00:33.540,1,0,on/off road
1109,00:00:33.680,1,0,on/off road
1118,00:00:34.159,0,0,on/off road
1119,00:00:34.319,0,0,on/off road
1120,00:00:34.339,0,0,on/off road
1122,00:00:34.359,0,0,on/off road
1123,00:00:34.379,0,0,on/off road
1124,00:00:34.559,0,0,on/off road
1125,00:00:35.099,0,0,on/off road
1128,00:00:35.139,0,0,on/off road
1129,00:00:35.199,0,0,on/off road
1130,00:00:35.219,0,0,on/off road
1132,00:00:35.259,0,0,on/off road
1135,00:00:35.359,1,0,on/off road
1155,00:00:35.758,2,0,on/off road
1156,00:00:35.778,2,0,on/off road
1158,00:00:35.798,2,0,on/off road
1159,00:00:35.858,2,0,on/off road
1160,00:00:35.898,2,0,on/off road
1161,00:00:35.938,2,0,on/off road
1165,00:00:35.978,1,0,on/off road
1167,00:00:35.998,1,0,on/off road
1168,00:00:36.138,1,0,on/off road
1171,00:00:36.958,1,0,on/off road
1173,00:00:36.998,1,0,on/off road
1176,00:00:37.058,1,0,on/off road
1177,00:00:37.078,1,0,on/off road
1178,00:00:37.098,1,0,on/off road
1179,00:00:37.158,1,0,on/off road
1182,00:00:37.218,3,0,on/off road
1184,00:00:37.278,3,0,on/off road
1185,00:00:37.298,3,0,on/off road
1186,00:00:37.337,3,0,on/off road
1187,00:00:37.377,3,0,on/off road
1191,00:00:37.437,2,0,on/off road
1192,00:00:37.477,2,0,on/off road
1196,00:00:37.597,3,0,on/off road
1197,00:00:37.617,3,0,on/off road
1198,00:00:37.637,3,0,on/off road
1201,00:00:38.017,3,0,on/off road
1202,00:00:38.057,3,0,on/off road
1204,00:00:38.097,3,0,on/off road
1207,00:00:38.277,3,0,on/off road
1208,00:00:38.317,3,0,on/off road
1211,00:00:38.337,1,0,on/off road
1212,00:00:38.397,1,0,on/off road
1213,00:00:38.437,1,0,on/off road
1216,00:00:38.477,1,0,on/off road
1217,00:00:38.537,1,0,on/off road
1218,00:00:38.577,1,0,on/off road
1219,00:00:38.597,1,0,on/off road
1222,00:00:38.657,1,0,on/off road
1223,00:00:38.697,1,0,on/off road
1226,00:00:38.817,3,0,on/off road
1227,00:00:38.837,3,0,on/off road
1228,00:00:38.857,3,0,on/off road
1229,00:00:38.877,3,0,on/off road
1232,00:00:38.917,2,0,on/off road
1233,00:00:38.937,2,0,on/off road
1235,00:00:39.616,2,0,on/off road
1237,00:00:39.656,2,2,on/off road
1238,00:00:39.716,2,2,on/off road
1239,00:00:40.136,2,2,on/off road
1243,00:00:40.196,3,2,on/off road
1244,00:00:40.396,3,2,on/off road
1247,00:00:40.436,3,2,on/off road
1248,00:00:40.496,3,2,on/off road
1249,00:00:40.576,3,2,on/off road
1250,00:00:40.616,3,2,on/off road
1252,00:00:40.636,2,0,on/off road
1253,00:00:40.695,2,0,on/off road
1254,00:00:40.715,2,0,on/off road
1258,00:00:40.795,2,0,on/off road
1259,00:00:40.815,2,0,on/off road
1260,00:00:40.855,2,0,on/off road
1262,00:00:40.875,2,0,on/off road
1263,00:00:40.895,2,0,on/off road
1264,00:00:40.935,2,0,on/off road
1265,00:00:41.255,2,0,on/off road
1268,00:00:41.375,1,0,on/off road
1269,00:00:42.035,1,0,on/off road
1270,00:00:42.215,1,0,on/off road
1274,00:00:42.754,1,0,on/off road
1275,00:00:42.814,1,0,on/off road
1276,00:00:42.834,0,0,on/off road
1279,00:00:43.154,2,0,on/off road
1280,00:00:43.194,2,0,on/off road
1281,00:00:43.234,2,0,on/off road
1283,00:00:43.254,2,0,on/off road
1285,00:00:43.274,1,0,___
1286,00:00:43.294,1,0,___
1287,00:00:43.354,1,0,___
1289,00:00:44.433,1,0,___
1290,00:00:44.553,1,0,___
1291,00:00:44.673,1,0,___
1292,00:00:44.693,1,0,___
1295,00:00:44.773,2,0,on/off road
1296,00:00:45.013,2,0,on/off road
1297,00:00:45.233,2,0,on/off road
1301,00:00:45.712,1,0,on/off road
1302,00:00:45.752,1,0,on/off road
1304,00:00:45.772,1,1,on/off road
1306,00:00:45.852,1,0,on/off road
1309,00:00:45.872,0,1,on/off road
1311,00:00:45.992,0,1,on/off road
1314,00:00:46.992,0,1,on/off road
1315,00:00:47.172,0,1,on/off road
1317,00:00:47.192,0,1,on/off road
1318,00:00:47.212,0,1,on/off road
1319,00:00:47.351,0,1,on/off road
1321,00:00:47.511,0,1,on/off road
1322,00:00:47.591,0,1,on/off road
1351,00:00:48.391,1,0,on/off road
1352,00:00:48.411,1,0,on/off road
1354,00:00:48.451,1,0,on/off road
1356,00:00:48.511,1,0,on/off road
1358,00:00:48.531,1,0,on/off road
1360,00:00:48.611,1,0,on/off road
1361,00:00:48.651,1,0,on/off road
1362,00:00:48.671,1,0,on/off road
1363,00:00:48.691,1,0,on/off road
1365,00:00:48.751,1,0,on/off road
1366,00:00:48.851,1,0,on/off road
1367,00:00:48.871,1,0,on/off road
1371,00:00:48.910,1,0,on/off road
1372,00:00:48.970,1,0,on/off road
1377,00:00:49.050,1,0,on/off road
1378,00:00:49.070,1,0,on/off road
1388,00:00:49.250,1,0,on/off road
1389,00:00:49.270,1,0,on/off road
1391,00:00:49.290,2,0,on/off road
1393,00:00:49.370,2,0,on/off road
1396,00:00:49.390,2,0,on/off road
1397,00:00:49.450,2,0,on/off road
1398,00:00:49.470,2,0,on/off road
1400,00:00:49.530,2,0,on/off road
1401,00:00:49.570,2,0,on/off road
1404,00:00:49.590,1,1,on/off road
1405,00:00:49.630,1,1,on/off road
1406,00:00:49.650,1,1,on/off road
1407,00:00:49.670,1,1,on/off road
1410,00:00:49.750,1,0,on/off road
1412,00:00:49.770,1,0,on/off road
1414,00:00:49.830,1,0,on/off road
1415,00:00:49.850,1,0,on/off road
1416,00:00:49.870,1,0,on/off road
1419,00:00:49.910,1,0,on/off road
1420,00:00:49.950,1,0,on/off road
1421,00:00:49.970,1,0,on/off road
1425,00:00:50.050,1,0,on/off road
1427,00:00:50.170,1,0,on/off road
1431,00:00:50.230,1,1,on/off road
1432,00:00:50.270,1,1,on/off road
1433,00:00:50.290,1,1,on/off road
1436,00:00:50.330,1,1,on/off road
1437,00:00:50.350,1,1,on/off road
1438,00:00:50.390,1,1,on/off road
1441,00:00:50.410,1,1,on/off road
1442,00:00:50.490,1,1,on/off road
1445,00:00:50.510,0,2,on/off road
1446,00:00:50.550,0,2,on/off road
1447,00:00:50.589,0,2,on/off road
1451,00:00:50.649,0,2,on/off road
1452,00:00:50.689,0,2,on/off road
1454,00:00:50.709,2,1,on/off road
1455,00:00:50.729,2,1,on/off road
1456,00:00:50.789,2,1,on/off road
1458,00:00:50.809,1,0,on/off road
1460,00:00:50.889,1,0,on/off road
1463,00:00:50.909,1,0,on/off road
1464,00:00:50.949,1,0,on/off road
1465,00:00:51.009,1,0,on/off road
1469,00:00:51.109,2,0,on/off road
1472,00:00:51.129,2,0,on/off road
1473,00:00:51.169,2,0,on/off road
1474,00:00:51.209,2,0,on/off road
1477,00:00:51.229,2,0,on/off road
1478,00:00:51.289,2,0,on/off road
1479,00:00:51.309,2,0,on/off road
1481,00:00:51.329,2,0,on/off road
1482,00:00:51.369,2,0,on/off road
1483,00:00:51.409,2,0,on/off road
1485,00:00:51.449,2,0,on/off road
1486,00:00:51.469,2,0,on/off road
1489,00:00:51.509,2,0,on/off road
1491,00:00:51.529,3,0,on/off road
1493,00:00:51.609,3,0,on/off road
1496,00:00:51.669,3,0,on/off road
1498,00:00:51.709,2,0,on/off road
1501,00:00:51.809,2,0,on/off road
1502,00:00:51.889,2,0,on/off road
1505,00:00:51.949,1,0,on/off road
1506,00:00:51.989,2,0,on/off road
1510,00:00:52.049,1,0,on/off road
1511,00:00:52.089,1,0,on/off road
1513,00:00:52.169,1,0,on/off road
1514,00:00:52.189,1,0,on/off road
1518,00:00:52.229,1,0,on/off road
1519,00:00:52.288,1,0,on/off road
1523,00:00:52.308,2,0,on/off road
1524,00:00:52.328,2,0,on/off road
1525,00:00:52.368,2,0,on/off road
1526,00:00:52.388,2,0,on/off road
1529,00:00:52.408,1,0,on/off road
1530,00:00:52.468,1,0,on/off road
1531,00:00:52.488,1,0,on/off road
1533,00:00:52.508,1,0,on/off road
1535,00:00:52.588,1,0,on/off road
1537,00:00:52.608,1,0,on/off road
1538,00:00:52.668,1,0,on/off road
1539,00:00:52.708,1,0,on/off road
1543,00:00:52.788,1,0,on/off road
1545,00:00:52.868,1,0,on/off road
1547,00:00:52.908,1,0,on/off road
1548,00:00:52.928,1,0,on/off road
1549,00:00:52.948,1,0,on/off road
1550,00:00:52.988,1,0,on/off road
1552,00:00:53.048,1,0,on/off road
1553,00:00:53.068,1,0,on/off road
1554,00:00:53.088,1,0,on/off road
1555,00:00:53.108,1,0,on/off road
1558,00:00:53.128,2,0,on/off road
1559,00:00:53.288,2,0,on/off road
1561,00:00:53.328,2,0,on/off road
1564,00:00:53.368,1,1,on/off road
1565,00:00:53.388,1,1,on/off road
1566,00:00:53.428,1,1,on/off road
1569,00:00:53.488,2,0,on/off road
1571,00:00:53.528,2,0,on/off road
1575,00:00:53.568,2,0,on/off road
1576,00:00:53.628,2,0,on/off road
1579,00:00:53.668,2,1,on/off road
1580,00:00:53.688,2,1,on/off road
1581,00:00:53.708,2,1,on/off road
1582,00:00:53.728,2,1,on/off road
1584,00:00:53.748,3,1,on/off road
1585,00:00:53.808,3,1,on/off road
1586,00:00:53.828,3,1,on/off road
1589,00:00:53.848,1,1,on/off road
1590,00:00:53.907,1,1,on/off road
1591,00:00:53.927,1,1,on/off road
1594,00:00:53.987,2,1,on/off road
1595,00:00:54.107,2,1,on/off road
1599,00:00:54.187,2,1,on/off road
1600,00:00:54.247,2,0,on/off road
1602,00:00:54.267,2,0,on/off road
1603,00:00:54.327,2,0,on/off road
1604,00:00:54.347,2,0,on/off road
1609,00:00:54.427,2,1,on/off road
1610,00:00:54.447,2,1,on/off road
1613,00:00:54.547,2,0,on/off road
1617,00:00:54.607,1,1,on/off road
1618,00:00:54.647,1,1,on/off road
1621,00:00:54.687,1,0,on/off road
1622,00:00:54.747,1,0,on/off road
1624,00:00:54.767,1,0,on/off road
1626,00:00:54.847,1,0,on/off road
1629,00:00:54.887,1,0,on/off road
1630,00:00:54.907,1,0,on/off road
1631,00:00:54.947,1,0,on/off road
1634,00:00:54.987,1,0,on/off road
1635,00:00:55.007,1,0,on/off road
1638,00:00:55.047,1,0,on/off road
1640,00:00:55.067,1,1,on/off road
1641,00:00:55.127,1,1,on/off road
1642,00:00:55.147,1,1,on/off road
1645,00:00:55.187,1,0,on/off road
1646,00:00:55.227,1,0,on/off road
1647,00:00:55.247,1,0,on/off road
1648,00:00:55.267,1,0,on/off road
1650,00:00:55.327,1,0,on/off road
1651,00:00:55.347,1,0,on/off road
1654,00:00:55.407,1,0,on/off road
1655,00:00:55.427,1,0,on/off road
1656,00:00:55.447,1,0,on/off road
1665,00:00:55.626,1,0,on/off road
1666,00:00:55.646,1,0,on/off road
1669,00:00:55.666,1,0,on/off road
1670,00:00:55.726,1,0,on/off road
1671,00:00:55.786,1,0,on/off road
1673,00:00:55.826,1,0,on/off road
1674,00:00:55.846,1,0,on/off road
1676,00:00:55.866,1,0,on/off road
1677,00:00:55.886,1,0,on/off road
1680,00:00:55.966,1,0,on/off road
1681,00:00:55.986,1,0,on/off road
1684,00:00:56.006,1,0,on/off road
1685,00:00:56.066,1,0,on/off road
1686,00:00:56.086,1,0,on/off road
1690,00:00:56.166,1,0,on/off road
1692,00:00:56.186,1,0,on/off road
1695,00:00:56.206,1,0,on/off road
1696,00:00:56.286,1,0,on/off road
1700,00:00:56.326,1,0,on/off road
1701,00:00:56.366,1,0,on/off road
1702,00:00:56.386,1,0,on/off road
1703,00:00:56.406,1,0,on/off road
1704,00:00:56.466,1,0,on/off road
1705,00:00:56.486,1,0,on/off road
1709,00:00:56.566,1,0,on/off road
1710,00:00:56.586,1,0,on/off road
1715,00:00:56.666,1,0,on/off road
1716,00:00:56.686,1,0,on/off road
1721,00:00:56.746,1,0,on/off road
1722,00:00:56.786,1,0,on/off road
1727,00:00:56.866,1,0,on/off road
1728,00:00:56.886,1,0,on/off road
1731,00:00:56.926,1,0,on/off road
1732,00:00:56.966,1,0,on/off road
1734,00:00:56.986,1,0,on/off road
1737,00:00:57.026,1,0,on/off road
1738,00:00:57.086,1,0,on/off road
1741,00:00:57.106,1,0,on/off road
1742,00:00:57.146,1,0,on/off road
1743,00:00:57.166,1,0,on/off road
1744,00:00:57.186,1,0,on/off road
1747,00:00:57.225,2,0,on/off road
1748,00:00:57.265,2,0,on/off road
1749,00:00:57.285,2,0,on/off road
1751,00:00:57.325,2,0,on/off road
1752,00:00:57.345,2,0,on/off road
1753,00:00:57.365,2,0,on/off road
1754,00:00:57.385,2,0,on/off road
1757,00:00:57.465,1,0,on/off road
1759,00:00:57.485,1,0,on/off road
1762,00:00:57.525,1,0,on/off road
1763,00:00:57.565,1,0,on/off road
1765,00:00:57.585,1,0,on/off road
1768,00:00:57.645,1,0,on/off road
1769,00:00:57.665,1,0,on/off road
1770,00:00:57.685,1,0,on/off road
1772,00:00:57.745,2,0,on/off road
1773,00:00:57.765,2,0,on/off road
1774,00:00:57.785,2,0,on/off road
1778,00:00:57.865,2,0,on/off road
1779,00:00:57.885,2,0,on/off road
1780,00:00:57.905,2,0,on/off road
1782,00:00:57.945,2,0,on/off road
1784,00:00:58.005,2,0,on/off road
1785,00:00:58.325,2,0,on/off road
1787,00:00:58.345,2,0,vehicle
1788,00:00:58.385,2,0,vehicle
1789,00:00:58.405,2,0,vehicle
1790,00:00:58.445,2,0,vehicle
1792,00:00:58.485,2,0,vehicle
1794,00:00:58.845,2,0,vehicle
1797,00:00:59.104,2,0,on/off road
1798,00:00:59.224,2,0,on/off road
1800,00:00:59.384,2,0,on/off road
1802,00:00:59.424,2,0,on/off road
1803,00:00:59.444,2,0,on/off road
1804,00:00:59.484,2,0,on/off road
1807,00:00:59.504,1,0,on/off road
1808,00:00:59.604,1,0,on/off road
1812,00:00:59.684,1,0,on/off road
1815,00:00:59.744,1,0,on/off road
1817,00:00:59.804,1,0,on/off road
1818,00:00:59.864,1,0,on/off road
1819,00:00:59.904,1,0,on/off road
1823,00:01:00.004,1,0,on/off road
1825,00:01:00.044,1,0,on/off road
1826,00:01:00.064,1,0,on/off road
1828,00:01:00.144,1,0,on/off road
1831,00:01:00.184,2,0,on/off road
1832,00:01:00.464,2,0,on/off road
1834,00:01:00.484,2,0,on/off road
1837,00:01:00.563,2,0,on/off road
1838,00:01:00.583,2,0,on/off road
1839,00:01:00.623,2,0,on/off road
1842,00:01:00.643,2,0,on/off road
1843,00:01:00.723,2,0,on/off road
1846,00:01:00.763,2,0,on/off road
1848,00:01:00.803,2,0,on/off road
1849,00:01:00.843,2,0,on/off road
1851,00:01:00.883,2,0,on/off road
1852,00:01:00.903,2,0,on/off road
1853,00:01:00.943,2,0,on/off road
1854,00:01:01.003,2,0,on/off road
1856,00:01:01.023,2,0,on/off road
1857,00:01:01.063,2,0,on/off road
1858,00:01:01.143,2,0,on/off road
1860,00:01:01.183,2,0,on/off road
1862,00:01:01.203,2,0,on/off road
1864,00:01:01.263,2,0,on/off road
1866,00:01:01.283,1,1,on/off road
1867,00:01:02.182,1,0,on/off road
1868,00:01:02.222,1,1,on/off road
1869,00:01:02.282,1,0,on/off road
1870,00:01:02.302,1,1,on/off road
1871,00:01:02.342,1,0,on/off road
1872,00:01:02.462,1,1,on/off road
1873,00:01:02.482,1,0,on/off road
1875,00:01:02.502,1,0,on/off road
1876,00:01:02.822,1,0,on/off road
1877,00:01:02.862,1,0,on/off road
1878,00:01:02.962,1,0,on/off road
1880,00:01:03.002,1,0,on/off road
1881,00:01:03.042,1,0,on/off road
1882,00:01:03.062,1,0,on/off road
1885,00:01:03.082,2,0,on/off road
1886,00:01:03.102,2,0,on/off road
1887,00:01:03.142,2,0,on/off road
1889,00:01:03.162,2,0,on/off road
1891,00:01:03.182,3,0,on/off road
1892,00:01:03.202,3,0,on/off road
1893,00:01:03.222,3,0,on/off road
1894,00:01:03.262,3,0,on/off road
1897,00:01:03.302,2,0,on/off road
1899,00:01:03.342,2,0,on/off road
1900,00:01:03.362,2,0,on/off road
1904,00:01:03.462,2,0,on/off road
1906,00:01:03.502,2,0,on/off road
1908,00:01:03.562,2,0,on/off road
1909,00:01:03.582,2,0,on/off road
1911,00:01:03.602,2,0,on/off road
1912,00:01:03.622,2,0,on/off road
1913,00:01:03.742,2,0,on/off road
1914,00:01:03.762,2,0,on/off road
1915,00:01:03.782,2,0,on/off road
1918,00:01:03.841,1,0,on/off road
1920,00:01:03.881,1,0,on/off road
1922,00:01:03.921,1,0,on/off road
1923,00:01:03.941,1,0,on/off road
1924,00:01:03.961,1,0,on/off road
1925,00:01:03.981,1,0,on/off road
1926,00:01:04.001,1,0,on/off road
1929,00:01:04.061,1,0,on/off road
1930,00:01:04.081,1,0,on/off road
1931,00:01:04.101,1,0,on/off road
1933,00:01:04.121,1,0,on/off road
1934,00:01:04.141,1,0,on/off road
1935,00:01:04.161,1,0,on/off road
1936,00:01:04.181,1,0,on/off road
1938,00:01:04.201,1,0,on/off road
1939,00:01:04.241,1,0,on/off road
1940,00:01:04.261,1,0,on/off road
1941,00:01:04.281,1,0,on/off road
1943,00:01:04.301,1,0,on/off road
1944,00:01:04.321,1,0,on/off road
1945,00:01:04.341,1,0,on/off road
1946,00:01:04.381,1,0,on/off road
1948,00:01:04.401,1,0,on/off road
1949,00:01:04.441,1,0,on/off road
1950,00:01:04.461,1,0,on/off road
1951,00:01:04.481,1,0,on/off road
1952,00:01:04.501,1,0,on/off road
1955,00:01:04.541,2,0,vehicle
1956,00:01:04.561,2,0,vehicle
1957,00:01:04.581,2,0,vehicle
1958,00:01:04.601,2,0,vehicle
1960,00:01:04.641,2,0,on/off road
1961,00:01:04.661,2,0,on/off road
1962,00:01:04.681,2,0,on/off road
1964,00:01:04.701,2,0,on/off road
1966,00:01:04.741,1,0,on/off road
1967,00:01:04.781,1,0,on/off road
1969,00:01:04.801,1,0,on/off road
1973,00:01:04.881,3,0,on/off road
1974,00:01:05.021,3,0,on/off road
1976,00:01:05.141,3,0,on/off road
1978,00:01:05.181,3,0,on/off road
1980,00:01:05.201,1,0,on/off road
1982,00:01:05.221,1,0,on/off road
1983,00:01:05.241,1,0,on/off road
1984,00:01:05.261,1,0,on/off road
1985,00:01:05.321,1,0,on/off road
1987,00:01:05.361,1,0,on/off road
1988,00:01:05.401,1,0,on/off road
1989,00:01:05.421,1,0,on/off road
1997,00:01:05.580,0,0,on/off road
1999,00:01:05.600,0,0,on/off road
2002,00:01:05.620,0,0,on/off road
2004,00:01:05.680,1,0,vehicle
2006,00:01:05.700,1,0,vehicle
2007,00:01:05.720,1,0,vehicle
2009,00:01:05.760,1,0,on/off road
2011,00:01:05.780,1,0,on/off road
2012,00:01:05.820,1,0,on/off road
2015,00:01:05.860,1,0,on/off road
2016,00:01:05.880,1,0,on/off road
2017,00:01:05.900,1,0,on/off road
2018,00:01:05.920,1,0,on/off road
2021,00:01:06.000,1,0,on/off road
2022,00:01:06.160,1,0,on/off road
2023,00:01:06.340,1,0,on/off road
2027,00:01:06.520,1,0,___
2046,00:01:06.880,0,1,on/off road
2047,00:01:06.900,0,1,on/off road
2048,00:01:06.920,0,1,on/off road
2049,00:01:06.940,0,1,on/off road
2050,00:01:06.960,0,1,on/off road
2053,00:01:07.000,0,0,on/off road
2054,00:01:07.020,0,0,on/off road
2056,00:01:07.040,0,0,on/off road
2057,00:01:07.060,0,0,on/off road
2060,00:01:07.100,0,0,on/off road
2061,00:01:07.139,0,0,on/off road
2063,00:01:07.159,0,0,on/off road
2069,00:01:07.279,2,0,on/off road
2070,00:01:07.359,2,0,on/off road
2072,00:01:07.459,2,0,on/off road
2074,00:01:07.519,1,0,on/off road
2080,00:01:07.619,2,0,on/off road
2081,00:01:07.639,2,0,on/off road
2082,00:01:07.659,2,0,on/off road
2083,00:01:07.679,2,0,on/off road
2086,00:01:07.719,2,0,on/off road
2087,00:01:07.739,2,0,on/off road
2088,00:01:07.799,2,0,on/off road
2091,00:01:07.819,2,0,on/off road
2093,00:01:07.899,2,0,on/off road
2094,00:01:07.919,2,0,on/off road
2098,00:01:07.959,1,0,on/off road
2099,00:01:07.979,1,0,on/off road
2100,00:01:07.999,1,0,on/off road
2102,00:01:08.019,1,0,on/off road
2104,00:01:08.059,1,0,on/off road
2105,00:01:08.079,1,0,on/off road
2106,00:01:08.119,1,0,on/off road
2109,00:01:08.159,1,0,on/off road
2110,00:01:08.179,1,0,on/off road
2112,00:01:08.199,1,0,on/off road
2113,00:01:08.219,1,0,on/off road
2116,00:01:08.279,1,0,on/off road
2117,00:01:08.299,1,0,on/off road
2118,00:01:08.319,1,0,on/off road
2120,00:01:08.359,2,0,on/off road
2122,00:01:08.419,2,0,on/off road
2123,00:01:08.439,2,0,on/off road
2124,00:01:08.459,2,0,on/off road
2126,00:01:08.499,2,0,on/off road
2127,00:01:08.519,2,0,on/off road
2130,00:01:08.599,1,0,on/off road
2131,00:01:08.619,1,0,on/off road
2133,00:01:08.699,1,0,on/off road
2136,00:01:08.719,1,0,on/off road
2138,00:01:08.759,1,0,on/off road
2139,00:01:08.818,1,0,on/off road
2143,00:01:08.858,2,0,vehicle
2144,00:01:08.878,2,0,vehicle
2145,00:01:08.898,2,0,vehicle
2146,00:01:08.918,2,0,vehicle
2150,00:01:08.978,2,0,on/off road
2151,00:01:09.018,2,0,on/off road
2153,00:01:09.058,2,0,on/off road
2154,00:01:09.098,2,0,on/off road
2155,00:01:09.118,2,0,on/off road
2157,00:01:09.138,2,0,on/off road
2160,00:01:09.198,2,0,on/off road
2161,00:01:09.278,2,0,on/off road
2163,00:01:09.438,2,0,on/off road
2164,00:01:09.478,2,0,on/off road
2165,00:01:09.518,2,0,on/off road
2169,00:01:09.538,1,0,on/off road
2170,00:01:09.578,1,0,on/off road
2171,00:01:09.618,1,0,on/off road
2174,00:01:09.678,1,0,on/off road
2176,00:01:09.698,1,0,on/off road
2177,00:01:09.718,1,0,on/off road
2180,00:01:09.758,1,0,on/off road
2181,00:01:09.818,1,0,on/off road
2184,00:01:09.878,1,0,on/off road
2185,00:01:09.898,1,0,on/off road
2186,00:01:09.918,1,0,on/off road
2189,00:01:09.978,1,0,on/off road
2190,00:01:09.998,1,0,on/off road
2192,00:01:10.018,1,0,on/off road
2195,00:01:10.078,1,0,on/off road
2196,00:01:10.098,1,0,on/off road
2198,00:01:10.118,1,0,on/off road
2201,00:01:10.138,1,0,on/off road
2202,00:01:10.198,1,0,on/off road
2205,00:01:10.218,1,0,on/off road
2207,00:01:10.278,1,0,on/off road
2208,00:01:10.298,1,0,on/off road
2209,00:01:10.318,1,0,on/off road
2213,00:01:10.358,1,0,on/off road
2214,00:01:10.398,1,0,on/off road
2215,00:01:10.418,1,0,on/off road
2219,00:01:10.477,2,0,vehicle
2220,00:01:10.517,2,0,vehicle
2224,00:01:10.637,1,0,on/off road
2227,00:01:10.677,3,0,on/off road
2228,00:01:10.737,3,0,on/off road
2229,00:01:10.757,3,0,on/off road
2230,00:01:10.797,3,0,on/off road
2234,00:01:10.837,3,0,on/off road
2235,00:01:10.877,3,0,on/off road
2236,00:01:10.897,3,0,on/off road
2239,00:01:11.017,3,0,on/off road
2240,00:01:11.037,3,0,on/off road
2244,00:01:11.137,4,0,on/off road
2247,00:01:11.157,4,0,on/off road
2249,00:01:11.237,4,0,on/off road
2252,00:01:11.277,1,0,on/off road
2254,00:01:11.317,1,0,on/off road
2255,00:01:11.337,1,0,on/off road
2258,00:01:11.357,3,0,on/off road
2259,00:01:11.397,3,0,on/off road
2260,00:01:11.437,3,0,on/off road
2262,00:01:11.477,2,0,on/off road
2264,00:01:11.517,2,0,on/off road
2265,00:01:11.537,2,0,on/off road
2268,00:01:11.597,2,0,on/off road
2270,00:01:11.617,2,0,on/off road
2271,00:01:11.637,2,0,on/off road
2272,00:01:11.697,3,0,on/off road
2274,00:01:11.737,3,0,on/off road
2277,00:01:11.857,2,0,on/off road
2278,00:01:11.917,3,0,on/off road
2279,00:01:11.937,3,0,on/off road
2282,00:01:11.997,1,0,on/off road
2285,00:01:12.037,1,0,on/off road
2287,00:01:12.077,2,0,on/off road
2288,00:01:12.116,2,0,on/off road
2289,00:01:12.136,2,0,on/off road
2292,00:01:12.176,2,0,on/off road
2293,00:01:12.196,2,0,on/off road
2294,00:01:12.216,2,0,on/off road
2296,00:01:12.236,2,0,on/off road
2298,00:01:12.296,1,0,on/off road
2299,00:01:12.336,1,0,on/off road
2301,00:01:12.356,1,0,on/off road
2303,00:01:12.436,1,0,on/off road
2307,00:01:12.476,1,0,on/off road
2308,00:01:12.516,1,0,on/off road
2309,00:01:12.536,1,0,on/off road
2312,00:01:12.596,1,0,on/off road
2313,00:01:12.636,2,0,on/off road
2318,00:01:12.716,2,0,on/off road
2319,00:01:12.736,2,0,on/off road
2321,00:01:12.756,2,0,on/off road
2323,00:01:12.796,2,0,on/off road
2324,00:01:12.836,2,0,on/off road
2326,00:01:12.876,2,0,on/off road
2328,00:01:12.916,2,0,on/off road
2329,00:01:12.956,2,0,on/off road
2333,00:01:13.096,2,0,on/off road
2335,00:01:13.156,2,0,on/off road
2338,00:01:13.176,1,0,on/off road
2339,00:01:13.236,1,0,on/off road
2340,00:01:13.256,1,0,on/off road
2342,00:01:13.276,1,0,on/off road
2344,00:01:13.376,1,0,on/off road
2347,00:01:13.416,2,0,on/off road
2348,00:01:13.436,2,0,on/off road
2349,00:01:13.476,2,0,on/off road
2352,00:01:13.496,3,0,on/off road
2353,00:01:13.536,3,0,on/off road
2354,00:01:13.556,3,0,on/off road
2355,00:01:13.576,3,0,on/off road
2358,00:01:13.636,2,0,on/off road
2359,00:01:13.656,2,0,on/off road
2360,00:01:13.696,2,0,on/off road
2363,00:01:13.795,2,0,on/off road
2364,00:01:13.815,2,0,on/off road
2365,00:01:13.835,2,0,on/off road
2369,00:01:13.875,2,0,on/off road
2370,00:01:13.915,2,0,on/off road
2371,00:01:13.935,2,0,on/off road
2374,00:01:14.015,2,0,on/off road
2375,00:01:14.035,2,0,on/off road
2379,00:01:14.075,3,0,on/off road
2380,00:01:14.135,3,0,on/off road
2384,00:01:14.215,3,0,on/off road
2385,00:01:14.235,3,0,on/off road
2387,00:01:14.275,2,0,on/off road
2389,00:01:14.315,2,0,on/off road
2390,00:01:14.335,2,0,on/off road
2393,00:01:14.375,1,0,on/off road
2395,00:01:14.415,1,0,on/off road
2396,00:01:14.435,1,0,on/off road
2399,00:01:14.475,1,0,on/off road
2400,00:01:14.495,1,0,on/off road
2401,00:01:14.535,1,0,on/off road
2403,00:01:14.575,1,0,on/off road
2404,00:01:14.615,1,0,on/off road
2405,00:01:14.635,1,0,on/off road
2407,00:01:14.655,1,0,on/off road
2408,00:01:14.695,1,0,on/off road
2409,00:01:14.715,1,0,on/off road
2410,00:01:14.735,1,0,on/off road
2413,00:01:14.755,0,0,on/off road
2415,00:01:14.835,0,0,on/off road
2416,00:01:14.915,1,0,on/off road
2419,00:01:14.935,1,0,on/off road
2421,00:01:14.975,1,0,on/off road
2422,00:01:15.015,1,0,on/off road
2423,00:01:15.035,1,0,on/off road
2427,00:01:15.075,1,0,on/off road
2428,00:01:15.115,1,0,on/off road
2429,00:01:15.135,1,0,on/off road
2433,00:01:15.215,1,0,on/off road
2434,00:01:15.235,1,0,on/off road
2437,00:01:15.315,1,0,on/off road
2438,00:01:15.335,1,0,on/off road
2442,00:01:15.375,1,0,on/off road
2443,00:01:15.415,1,0,on/off road
2445,00:01:15.434,1,0,on/off road
2446,00:01:15.454,1,0,on/off road
2449,00:01:15.514,1,0,on/off road
2450,00:01:15.534,1,0,on/off road
2451,00:01:15.574,1,0,on/off road
2452,00:01:15.634,2,0,vehicle
2453,00:01:15.654,2,0,vehicle
2456,00:01:15.714,2,0,vehicle
2457,00:01:15.754,2,0,vehicle
2459,00:01:15.774,1,0,on/off road
2461,00:01:15.854,1,0,on/off road
2464,00:01:15.874,1,0,on/off road
2466,00:01:15.934,1,0,on/off road
2467,00:01:15.954,1,0,on/off road
2469,00:01:15.974,1,0,on/off road
2470,00:01:16.014,1,0,on/off road
2507,00:01:16.034,1,0,on/off road
2508,00:01:16.054,1,0,on/off road
2510,00:01:16.174,1,0,on/off road
2511,00:01:16.454,1,0,on/off road
2512,00:01:16.494,1,0,on/off road
2513,00:01:16.594,1,0,on/off road
2514,00:01:16.774,1,0,on/off road
2516,00:01:16.934,1,0,on/off road
2517,00:01:17.093,1,0,on/off road
2519,00:01:17.233,1,0,on/off road
2521,00:01:17.833,1,0,on/off road
2523,00:01:17.873,2,0,on/off road
2524,00:01:17.913,2,0,on/off road
2526,00:01:17.933,2,0,on/off road
2527,00:01:17.953,2,0,on/off road
2528,00:01:17.993,2,0,on/off road
2530,00:01:18.033,2,0,on/off road
2531,00:01:18.073,2,0,on/off road
2532,00:01:18.093,2,0,on/off road
2536,00:01:18.233,2,0,on/off road
2538,00:01:18.273,2,0,on/off road
2539,00:01:18.333,2,0,on/off road
2540,00:01:18.353,2,0,on/off road
2541,00:01:18.373,2,0,on/off road
2542,00:01:18.393,2,0,on/off road
2544,00:01:18.413,3,0,on/off road
2545,00:01:18.493,3,0,on/off road
2546,00:01:18.513,3,0,on/off road
2549,00:01:18.533,1,0,on/off road
2550,00:01:18.573,1,0,on/off road
2551,00:01:18.613,1,0,on/off road
2553,00:01:18.633,1,0,on/off road
2554,00:01:18.673,1,0,on/off road
2556,00:01:18.713,1,0,on/off road
2558,00:01:18.772,3,0,on/off road
2560,00:01:18.812,3,0,on/off road
2563,00:01:18.832,2,0,on/off road
2565,00:01:18.912,2,0,on/off road
2567,00:01:18.932,2,0,on/off road
2568,00:01:18.952,2,0,on/off road
2571,00:01:19.112,2,0,on/off road
2573,00:01:19.132,1,0,on/off road
2574,00:01:19.152,1,0,on/off road
2575,00:01:19.172,1,0,on/off road
2576,00:01:19.192,1,0,on/off road
2577,00:01:19.212,1,0,on/off road
2581,00:01:19.272,2,0,on/off road
2582,00:01:19.312,2,0,on/off road
2584,00:01:19.392,2,0,on/off road
2585,00:01:19.412,2,0,on/off road
2587,00:01:19.432,1,0,on/off road
2588,00:01:19.472,1,0,on/off road
2589,00:01:19.512,1,0,on/off road
2593,00:01:19.552,3,0,vehicle
2594,00:01:19.612,3,0,vehicle
2598,00:01:19.652,1,0,on/off road
2599,00:01:19.692,1,0,on/off road
2600,00:01:19.712,1,0,on/off road
2604,00:01:19.752,1,0,on/off road
2605,00:01:19.812,1,0,on/off road
2608,00:01:19.832,1,0,on/off road
2609,00:01:19.872,1,0,on/off road
2610,00:01:19.912,1,0,on/off road
2613,00:01:19.932,1,0,on/off road
2614,00:01:19.972,1,0,on/off road
2615,00:01:20.012,1,0,on/off road
2617,00:01:20.052,2,0,on/off road
2619,00:01:20.112,2,0,on/off road
2622,00:01:20.152,2,0,vehicle
2623,00:01:20.212,2,0,vehicle
2626,00:01:20.252,1,0,on/off road
2628,00:01:20.931,1,0,on/off road
2629,00:01:20.971,1,0,on/off road
2633,00:01:21.111,3,0,on/off road
2635,00:01:21.711,3,0,on/off road
2636,00:01:21.831,3,0,on/off road
2638,00:01:21.991,3,0,on/off road
2640,00:01:22.031,2,0,on/off road
2641,00:01:22.090,2,0,on/off road
2644,00:01:22.110,3,0,on/off road
2645,00:01:22.190,3,0,on/off road
2649,00:01:22.250,2,0,on/off road
2650,00:01:22.270,2,0,on/off road
2651,00:01:22.290,2,0,on/off road
2654,00:01:22.310,2,0,on/off road
2655,00:01:22.390,2,0,on/off road
2656,00:01:22.410,2,0,on/off road
2659,00:01:22.490,3,0,on/off road
2660,00:01:22.530,3,0,on/off road
2663,00:01:22.590,4,0,on/off road
2664,00:01:22.630,4,0,on/off road
2668,00:01:22.650,2,0,on/off road
2670,00:01:22.690,2,0,on/off road
2671,00:01:22.730,2,0,on/off road
2674,00:01:22.830,3,0,on/off road
2677,00:01:22.850,4,0,on/off road
2678,00:01:22.870,4,0,on/off road
2679,00:01:22.910,4,0,on/off road
2680,00:01:22.930,4,0,on/off road
2684,00:01:23.150,2,0,on/off road
2685,00:01:23.190,2,0,on/off road
2686,00:01:23.210,2,0,on/off road
2689,00:01:23.250,5,0,on/off road
2691,00:01:23.310,5,0,on/off road
2693,00:01:23.390,2,0,on/off road
2695,00:01:23.410,2,0,on/off road
2697,00:01:23.490,2,0,on/off road
2699,00:01:23.510,2,0,on/off road
2700,00:01:23.570,2,0,on/off road
2701,00:01:23.590,2,0,on/off road
2703,00:01:23.610,2,0,on/off road
2704,00:01:23.630,2,0,on/off road
2706,00:01:23.670,4,0,on/off road
2707,00:01:23.689,4,0,on/off road
2709,00:01:23.709,4,0,on/off road
2710,00:01:23.729,4,0,on/off road
2712,00:01:23.749,2,0,on/off road
2714,00:01:23.929,2,0,on/off road
2715,00:01:23.949,2,0,on/off road
2717,00:01:24.029,4,0,on/off road
2719,00:01:24.049,3,0,on/off road
2721,00:01:24.069,3,0,on/off road
2722,00:01:24.129,3,0,on/off road
2724,00:01:24.149,3,0,on/off road
2727,00:01:24.189,2,0,on/off road
2728,00:01:24.329,2,0,on/off road
2730,00:01:24.389,2,0,on/off road
2731,00:01:24.409,2,0,on/off road
2733,00:01:24.449,2,0,on/off road
2734,00:01:24.469,2,0,on/off road
2737,00:01:24.549,3,0,on/off road
2739,00:01:24.569,3,0,on/off road
2740,00:01:24.589,3,0,on/off road
2741,00:01:24.629,3,0,on/off road
2742,00:01:24.649,3,0,on/off road
2744,00:01:24.669,2,0,on/off road
2746,00:01:24.689,2,0,on/off road
2747,00:01:24.729,2,0,on/off road
2748,00:01:24.749,2,0,on/off road
2750,00:01:24.769,2,0,on/off road
2752,00:01:24.809,5,0,on/off road
2753,00:01:24.829,5,0,on/off road
2755,00:01:24.869,5,0,on/off road
2758,00:01:24.909,4,0,on/off road
2759,00:01:24.929,4,0,on/off road
2760,00:01:24.949,4,0,on/off road
2761,00:01:24.969,4,0,on/off road
2764,00:01:25.009,5,0,on/off road
2765,00:01:25.029,5,0,on/off road
2767,00:01:25.069,5,0,on/off road
2770,00:01:25.109,4,0,on/off road
2771,00:01:25.169,4,0,on/off road
2774,00:01:25.209,4,0,on/off road
2775,00:01:25.249,4,0,on/off road
2776,00:01:25.269,4,0,on/off road
2778,00:01:25.309,4,0,on/off road
2779,00:01:25.329,4,0,on/off road
2780,00:01:25.368,4,0,on/off road
2782,00:01:25.408,5,0,on/off road
2783,00:01:25.448,5,0,on/off road
2784,00:01:25.488,5,0,on/off road
2787,00:01:25.528,3,0,on/off road
2788,00:01:25.548,3,0,on/off road
2790,00:01:25.588,3,0,on/off road
2794,00:01:25.768,5,0,on/off road
2796,00:01:25.788,2,0,on/off road
2797,00:01:25.808,2,0,on/off road
2800,00:01:25.848,2,0,on/off road
2802,00:01:25.868,1,0,on/off road
2803,00:01:25.908,1,0,on/off road
2806,00:01:25.968,1,0,on/off road
2807,00:01:25.988,1,0,on/off road
2808,00:01:26.008,1,0,on/off road
2811,00:01:26.168,1,0,on/off road
2812,00:01:26.188,1,0,on/off road
2813,00:01:26.228,1,0,on/off road
2815,00:01:26.268,1,0,on/off road
2817,00:01:26.328,1,0,on/off road
2820,00:01:26.388,0,1,on/off road
2822,00:01:26.408,0,1,on/off road
2823,00:01:26.428,0,1,on/off road
2825,00:01:26.468,1,1,on/off road
2827,00:01:26.528,1,1,on/off road
2830,00:01:26.608,1,1,on/off road
2832,00:01:26.628,1,1,on/off road
2835,00:01:26.708,1,0,on/off road
2837,00:01:26.748,1,0,on/off road
2839,00:01:26.788,1,0,on/off road
2841,00:01:26.828,1,0,on/off road
2842,00:01:26.848,1,0,on/off road
2844,00:01:26.868,1,0,on/off road
2845,00:01:26.928,1,0,on/off road
2846,00:01:26.948,1,0,on/off road
2848,00:01:26.968,2,0,on/off road
2849,00:01:27.007,2,0,vehicle
2850,00:01:27.027,1,0,on/off road
2851,00:01:27.047,2,0,vehicle
2854,00:01:27.107,2,0,on/off road
2855,00:01:27.147,2,0,on/off road
2857,00:01:27.167,2,0,on/off road
2858,00:01:27.207,2,0,on/off road
2859,00:01:27.227,2,0,on/off road
2860,00:01:27.247,2,0,on/off road
2862,00:01:27.267,2,0,on/off road
2863,00:01:27.307,2,0,on/off road
2865,00:01:27.347,2,0,on/off road
2867,00:01:27.367,2,0,on/off road
2868,00:01:27.407,2,0,on/off road
2869,00:01:27.427,2,0,on/off road
2871,00:01:27.447,2,0,on/off road
2872,00:01:27.487,2,0,on/off road
2873,00:01:27.507,2,0,on/off road
2874,00:01:27.527,2,0,on/off road
2875,00:01:27.547,2,0,on/off road
2878,00:01:27.587,2,0,on/off road
2879,00:01:27.607,2,0,on/off road
2881,00:01:27.647,2,0,on/off road
2884,00:01:27.687,2,0,on/off road
2885,00:01:27.727,2,0,on/off road
2887,00:01:27.747,2,0,on/off road
2889,00:01:27.767,2,0,on/off road
2890,00:01:27.807,2,0,on/off road
2891,00:01:27.827,2,0,on/off road
2892,00:01:27.847,2,0,on/off road
2894,00:01:27.867,2,0,on/off road
2895,00:01:27.907,2,0,on/off road
2896,00:01:27.947,2,0,on/off road
2899,00:01:27.967,2,0,on/off road
2900,00:01:28.027,2,0,on/off road
2901,00:01:28.067,2,0,on/off road
2903,00:01:28.107,2,0,on/off road
2904,00:01:28.147,2,0,on/off road
2906,00:01:28.167,2,0,on/off road
2907,00:01:28.207,2,0,on/off road
2908,00:01:28.227,2,0,on/off road
2909,00:01:28.267,2,0,on/off road
2913,00:01:28.367,3,0,on/off road
2915,00:01:28.387,3,0,on/off road
2916,00:01:28.427,3,0,on/off road
2917,00:01:28.447,3,0,on/off road
2918,00:01:28.467,3,0,on/off road
2921,00:01:28.527,3,0,on/off road
2922,00:01:28.547,3,0,on/off road
2923,00:01:28.567,3,0,on/off road
2925,00:01:28.587,3,0,on/off road
2926,00:01:28.627,3,0,on/off road
2927,00:01:28.647,3,0,on/off road
2928,00:01:28.666,3,0,on/off road
2931,00:01:28.706,4,0,on/off road
2932,00:01:28.726,4,0,on/off road
2934,00:01:28.746,4,0,on/off road
2935,00:01:28.766,4,0,on/off road
2936,00:01:28.806,3,0,on/off road
2937,00:01:28.846,3,0,on/off road
2938,00:01:28.866,3,0,on/off road
2940,00:01:28.886,3,0,on/off road
2941,00:01:28.906,3,0,on/off road
2942,00:01:28.926,3,0,on/off road
2944,00:01:28.966,3,0,on/off road
2946,00:01:29.006,3,0,on/off road
2947,00:01:29.046,3,0,on/off road
2948,00:01:29.066,3,0,on/off road
2951,00:01:29.106,3,0,on/off road
2952,00:01:29.126,3,0,on/off road
2953,00:01:29.166,3,0,on/off road
2955,00:01:29.206,3,0,on/off road
2956,00:01:29.226,3,0,on/off road
2958,00:01:29.266,3,0,on/off road
2961,00:01:29.306,3,0,on/off road
2963,00:01:29.346,3,0,on/off road
2964,00:01:29.366,3,0,on/off road
2967,00:01:29.426,4,0,on/off road
2968,00:01:29.446,4,0,on/off road
2969,00:01:29.466,4,0,on/off road
2971,00:01:29.506,4,0,on/off road
2972,00:01:29.526,3,0,on/off road
2973,00:01:29.586,3,0,on/off road
2974,00:01:29.686,3,0,on/off road
2975,00:01:29.706,3,0,on/off road
2977,00:01:29.766,4,0,on/off road
2978,00:01:29.806,4,0,on/off road
2982,00:01:29.866,2,1,on/off road
2983,00:01:29.906,2,1,on/off road
2987,00:01:29.986,3,0,on/off road
2988,00:01:30.006,3,0,on/off road
2991,00:01:30.046,2,0,on/off road
2992,00:01:30.066,2,0,on/off road
2994,00:01:30.086,2,0,on/off road
2995,00:01:30.106,2,0,on/off road
2999,00:01:30.166,2,0,on/off road
3000,00:01:30.206,2,0,on/off road
3003,00:01:30.226,1,0,on/off road
3004,00:01:30.286,1,0,on/off road
3005,00:01:30.345,1,0,on/off road
3009,00:01:30.445,1,1,___
3013,00:01:30.485,1,1,on/off road
3014,00:01:30.545,1,1,on/off road
3017,00:01:30.565,1,0,on/off road
3018,00:01:30.605,1,0,on/off road
3020,00:01:30.645,1,0,on/off road
3022,00:01:30.685,1,0,on/off road
3023,00:01:30.705,1,0,on/off road
3024,00:01:30.725,1,0,on/off road
3025,00:01:30.745,1,0,on/off road
3027,00:01:30.765,1,0,on/off road
3028,00:01:30.785,1,0,on/off road
3029,00:01:30.805,1,0,on/off road
3031,00:01:30.845,1,0,on/off road
3033,00:01:30.865,1,0,on/off road
3034,00:01:30.905,1,0,on/off road
3035,00:01:30.945,1,0,on/off road
3038,00:01:30.985,1,0,on/off road
3040,00:01:31.005,1,0,on/off road
3041,00:01:31.045,1,0,on/off road
3043,00:01:31.085,1,0,on/off road
3045,00:01:31.145,1,0,on/off road
3048,00:01:31.185,2,0,on/off road
3049,00:01:31.245,2,0,on/off road
3051,00:01:31.285,2,0,on/off road
3053,00:01:31.345,2,0,on/off road
3056,00:01:31.385,2,1,on/off road
3057,00:01:31.425,2,1,on/off road
3058,00:01:31.445,2,1,on/off road
3060,00:01:31.465,2,1,on/off road
3062,00:01:31.525,1,1,on/off road
3063,00:01:31.545,1,1,on/off road
3066,00:01:31.585,1,1,on/off road
3067,00:01:31.605,1,1,on/off road
3069,00:01:31.625,3,1,on/off road
3070,00:01:31.645,3,1,on/off road
3072,00:01:31.665,2,2,on/off road
3073,00:01:31.745,1,2,on/off road
3076,00:01:31.805,3,1,on/off road
3077,00:01:31.845,3,1,on/off road
3080,00:01:31.865,1,1,on/off road
3081,00:01:31.925,1,1,on/off road
3083,00:01:31.945,1,1,on/off road
3085,00:01:32.004,1,1,on/off road
3086,00:01:32.024,1,1,on/off road
3088,00:01:32.044,1,1,on/off road
3089,00:01:32.084,1,1,on/off road
3090,00:01:32.104,1,1,on/off road
3091,00:01:32.184,1,1,on/off road
3093,00:01:32.204,2,1,vehicle
3094,00:01:32.224,2,1,on/off road
3095,00:01:32.264,2,1,on/off road
3096,00:01:32.284,2,1,on/off road
3098,00:01:32.304,2,1,on/off road
3100,00:01:32.344,2,0,on/off road
3102,00:01:32.384,2,0,on/off road
3103,00:01:32.404,2,0,on/off road
3106,00:01:32.424,2,1,on/off road
3107,00:01:32.504,2,1,on/off road
3109,00:01:32.544,2,0,on/off road
3110,00:01:32.584,2,0,on/off road
3112,00:01:32.604,2,0,on/off road
3114,00:01:32.644,2,0,on/off road
3115,00:01:32.664,2,0,on/off road
3117,00:01:32.704,2,0,on/off road
3118,00:01:32.744,2,0,on/off road
3119,00:01:32.784,2,0,on/off road
3121,00:01:32.804,2,0,on/off road
3123,00:01:32.844,2,1,on/off road
3126,00:01:32.904,2,1,on/off road
3128,00:01:33.024,2,0,on/off road
3129,00:01:33.044,2,0,on/off road
3132,00:01:33.124,1,0,on/off road
3135,00:01:33.144,1,0,on/off road
3137,00:01:33.204,1,0,on/off road
3138,00:01:33.224,1,0,on/off road
3140,00:01:33.244,1,0,on/off road
3143,00:01:33.324,2,0,on/off road
3144,00:01:33.344,2,0,on/off road
3147,00:01:33.364,2,0,on/off road
3148,00:01:33.424,2,0,on/off road
3149,00:01:33.444,2,0,on/off road
3153,00:01:33.504,2,0,on/off road
3154,00:01:33.544,2,0,on/off road
3158,00:01:33.623,2,0,on/off road
3159,00:01:33.643,2,0,on/off road
3161,00:01:33.683,2,0,on/off road
3162,00:01:33.703,2,0,on/off road
3163,00:01:33.723,2,0,on/off road
3164,00:01:33.743,2,0,on/off road
3166,00:01:33.783,2,0,on/off road
3167,00:01:33.823,2,0,on/off road
3168,00:01:33.843,2,0,on/off road
3171,00:01:33.883,2,0,on/off road
3172,00:01:33.923,2,0,on/off road
3173,00:01:34.043,2,0,on/off road
3176,00:01:34.063,2,0,on/off road
3177,00:01:34.103,2,0,on/off road
3178,00:01:34.143,2,0,on/off road
3180,00:01:34.163,2,0,on/off road
3182,00:01:34.203,2,0,on/off road
3183,00:01:34.223,2,0,on/off road
3184,00:01:34.243,2,0,on/off road
3185,00:01:34.263,2,0,on/off road
3186,00:01:34.283,2,0,on/off road
3188,00:01:34.343,2,0,on/off road
3190,00:01:34.363,2,1,on/off road
3191,00:01:34.403,2,1,on/off road
3192,00:01:34.443,2,1,on/off road
3194,00:01:34.463,2,1,on/off road
3195,00:01:34.503,2,1,on/off road
3196,00:01:34.523,2,1,on/off road
3197,00:01:34.543,2,1,on/off road
3199,00:01:34.583,2,1,on/off road
3200,00:01:34.623,2,1,on/off road
3201,00:01:34.643,2,1,on/off road
3203,00:01:34.663,2,1,on/off road
3204,00:01:34.683,2,1,on/off road
3205,00:01:34.703,2,1,on/off road
3206,00:01:34.743,2,1,on/off road
3209,00:01:34.783,2,1,on/off road
3210,00:01:34.803,2,1,on/off road
3211,00:01:34.823,2,1,on/off road
3212,00:01:34.843,2,1,on/off road
3215,00:01:34.883,2,1,on/off road
3216,00:01:34.923,2,1,on/off road
3218,00:01:34.943,2,1,on/off road
3220,00:01:35.003,2,1,on/off road
3221,00:01:35.043,2,1,on/off road
3222,00:01:35.083,2,1,on/off road
3224,00:01:35.103,2,1,on/off road
3225,00:01:35.143,2,1,on/off road
3226,00:01:35.163,2,1,on/off road
3227,00:01:35.183,2,1,on/off road
3229,00:01:35.223,2,1,on/off road
3230,00:01:35.243,2,1,on/off road
3232,00:01:35.282,2,1,on/off road
3234,00:01:35.302,2,1,on/off road
3235,00:01:35.342,2,1,on/off road
3236,00:01:35.362,2,1,on/off road
3237,00:01:35.382,2,1,on/off road
3240,00:01:35.422,2,2,on/off road
3242,00:01:35.542,2,2,on/off road
3244,00:01:35.582,2,2,on/off road
3245,00:01:35.642,2,2,on/off road
3246,00:01:35.682,2,2,on/off road
3250,00:01:35.722,2,1,on/off road
3251,00:01:35.742,2,1,on/off road
3252,00:01:35.762,2,1,on/off road
3254,00:01:35.782,2,2,on/off road
3256,00:01:35.802,2,2,on/off road
3257,00:01:35.822,2,2,on/off road
3258,00:01:35.862,2,2,on/off road
3259,00:01:35.882,2,2,on/off road
3260,00:01:35.902,2,2,on/off road
3262,00:01:35.922,2,0,on/off road
3263,00:01:35.962,2,0,on/off road
3264,00:01:35.982,2,0,on/off road
3267,00:01:36.022,1,1,on/off road
3268,00:01:36.042,1,1,on/off road
3270,00:01:36.102,1,1,on/off road
3273,00:01:36.142,2,0,on/off road
3274,00:01:36.182,2,0,on/off road
3275,00:01:36.202,2,0,on/off road
3277,00:01:36.222,2,0,on/off road
3278,00:01:36.242,1,2,on/off road
3279,00:01:36.282,1,2,on/off road
3280,00:01:36.342,1,2,on/off road
3282,00:01:36.362,2,1,on/off road
3283,00:01:36.402,2,1,on/off road
3284,00:01:36.422,2,1,on/off road
3285,00:01:36.442,2,1,on/off road
3288,00:01:36.482,1,3,on/off road
3289,00:01:36.522,1,3,on/off road
3290,00:01:36.542,1,3,on/off road
3292,00:01:36.582,1,3,on/off road
3293,00:01:36.602,1,3,on/off road
3294,00:01:36.622,1,3,on/off road
3296,00:01:36.642,1,3,on/off road
3297,00:01:36.662,2,0,on/off road
3298,00:01:36.682,2,0,on/off road
3299,00:01:36.702,2,0,on/off road
3300,00:01:36.722,2,0,on/off road
3301,00:01:36.742,2,0,on/off road
3304,00:01:36.802,2,0,on/off road
3305,00:01:36.822,2,0,on/off road
3307,00:01:36.882,2,0,on/off road
3310,00:01:36.921,2,0,on/off road
3311,00:01:36.961,2,0,on/off road
3312,00:01:36.981,2,0,on/off road
3315,00:01:37.021,1,1,on/off road
3316,00:01:37.061,1,1,on/off road
3317,00:01:37.081,1,1,on/off road
3319,00:01:37.101,1,1,on/off road
3320,00:01:37.141,1,1,on/off road
3321,00:01:37.161,1,1,on/off road
3322,00:01:37.181,1,1,on/off road
3325,00:01:37.221,1,1,on/off road
3326,00:01:37.241,1,1,on/off road
3327,00:01:37.261,1,1,on/off road
3328,00:01:37.281,1,1,on/off road
3331,00:01:37.361,1,1,on/off road
3332,00:01:37.381,1,1,on/off road
3335,00:01:37.421,3,1,on/off road
3336,00:01:37.441,3,1,on/off road
3337,00:01:37.481,3,1,on/off road
3340,00:01:37.521,2,1,on/off road
3341,00:01:37.541,2,1,on/off road
3342,00:01:37.561,2,1,on/off road
3343,00:01:37.581,2,1,on/off road
3346,00:01:37.641,5,1,on/off road
3347,00:01:37.681,5,1,on/off road
3350,00:01:37.721,3,1,on/off road
3351,00:01:37.741,3,1,on/off road
3352,00:01:37.781,3,1,on/off road
3355,00:01:37.801,4,1,on/off road
3356,00:01:37.821,4,1,on/off road
3357,00:01:37.901,4,1,on/off road
3359,00:01:37.921,4,1,on/off road
3360,00:01:37.981,4,1,on/off road
3361,00:01:38.001,4,1,on/off road
3364,00:01:38.061,4,1,on/off road
3366,00:01:38.081,4,1,on/off road
3367,00:01:38.101,4,1,on/off road
3369,00:01:38.141,4,1,on/off road
3371,00:01:38.161,4,1,on/off road
3372,00:01:38.201,4,1,on/off road
3374,00:01:38.241,5,1,on/off road
3375,00:01:38.261,4,1,on/off road
3376,00:01:38.381,4,1,on/off road
3378,00:01:38.401,5,1,on/off road
3379,00:01:38.441,5,1,on/off road
3380,00:01:38.461,5,1,on/off road
3381,00:01:38.481,5,1,on/off road
3383,00:01:38.501,5,1,on/off road
3384,00:01:38.521,5,1,on/off road
3385,00:01:38.541,5,1,on/off road
3386,00:01:38.581,5,1,on/off road
3390,00:01:38.660,4,1,on/off road
3391,00:01:38.680,4,1,on/off road
3392,00:01:38.700,4,1,on/off road
3393,00:01:38.720,4,1,on/off road
3394,00:01:38.760,4,1,on/off road
3396,00:01:38.780,4,1,on/off road
3397,00:01:38.800,4,1,on/off road
3398,00:01:38.840,4,1,on/off road
3399,00:01:38.880,4,1,on/off road
3403,00:01:38.920,4,0,on/off road
3404,00:01:38.940,4,0,on/off road
3406,00:01:38.980,4,0,on/off road
3409,00:01:39.000,4,0,on/off road
3410,00:01:39.080,4,0,on/off road
3413,00:01:39.100,4,0,on/off road
3414,00:01:39.120,4,0,on/off road
3415,00:01:39.140,4,0,on/off road
3416,00:01:39.180,4,0,on/off road
3420,00:01:39.240,4,0,on/off road
3421,00:01:39.300,4,0,on/off road
3424,00:01:39.340,6,0,on/off road
3426,00:01:39.400,6,0,on/off road
3430,00:01:39.460,5,1,on/off road
3431,00:01:39.480,5,1,on/off road
3433,00:01:39.520,5,1,on/off road
3436,00:01:39.540,5,1,on/off road
3437,00:01:39.580,5,1,on/off road
3438,00:01:39.600,5,1,on/off road
3439,00:01:39.620,5,1,on/off road
3441,00:01:39.660,4,1,on/off road
3443,00:01:39.680,4,1,on/off road
3444,00:01:39.700,4,1,on/off road
3445,00:01:39.740,4,1,on/off road
3448,00:01:39.760,6,1,on/off road
3449,00:01:39.840,6,1,on/off road
3452,00:01:39.860,5,1,on/off road
3453,00:01:39.900,5,1,on/off road
3454,00:01:40.000,5,1,on/off road
3457,00:01:40.100,5,1,on/off road
3458,00:01:40.120,5,1,on/off road
3461,00:01:40.140,4,1,on/off road
3462,00:01:40.200,4,1,on/off road
3463,00:01:40.220,4,1,on/off road
3465,00:01:40.279,5,1,on/off road
3467,00:01:40.299,5,1,on/off road
3469,00:01:40.319,5,1,on/off road
3471,00:01:40.399,3,1,on/off road
3472,00:01:40.419,3,1,on/off road
3476,00:01:40.499,4,1,on/off road
3477,00:01:40.519,4,1,on/off road
3479,00:01:40.539,5,1,on/off road
3480,00:01:40.639,4,1,on/off road
3481,00:01:40.719,4,1,on/off road
3483,00:01:40.739,4,1,on/off road
3484,00:01:40.779,4,1,on/off road
3486,00:01:40.859,4,1,on/off road
3488,00:01:40.919,5,0,vehicle
3491,00:01:40.959,5,0,vehicle
3494,00:01:41.019,4,0,on/off road
3496,00:01:41.099,4,0,on/off road
3499,00:01:41.139,5,0,vehicle
3500,00:01:41.179,5,0,vehicle
3502,00:01:41.199,5,0,vehicle
3504,00:01:41.259,5,0,vehicle
3505,00:01:41.279,6,0,vehicle
3507,00:01:41.299,6,0,vehicle
3509,00:01:41.319,4,0,vehicle
3510,00:01:41.339,4,0,vehicle
3512,00:01:41.379,4,0,vehicle
3513,00:01:41.399,4,0,vehicle
3515,00:01:41.439,4,0,vehicle
3516,00:01:41.479,4,0,vehicle
3518,00:01:41.499,4,0,vehicle
3520,00:01:41.539,5,0,on/off road
3521,00:01:41.619,5,0,on/off road
3522,00:01:41.639,5,0,on/off road
3524,00:01:41.659,5,0,on/off road
3526,00:01:41.719,5,0,on/off road
3527,00:01:41.739,5,0,on/off road
3529,00:01:41.799,4,0,on/off road
3530,00:01:41.819,4,0,on/off road
3531,00:01:41.839,4,0,on/off road
3533,00:01:41.918,5,0,on/off road
3535,00:01:41.938,5,0,on/off road
3537,00:01:41.958,5,0,on/off road
3538,00:01:42.018,6,0,on/off road
3540,00:01:42.038,6,0,on/off road
3542,00:01:42.118,5,0,on/off road
3544,00:01:42.138,5,0,on/off road
3546,00:01:42.158,5,0,on/off road
3547,00:01:42.178,5,0,on/off road
3549,00:01:42.218,5,0,on/off road
3550,00:01:42.238,5,0,on/off road
3552,00:01:42.298,6,0,on/off road
3553,00:01:42.318,6,0,on/off road
3554,00:01:42.338,6,0,on/off road
3557,00:01:42.398,6,0,on/off road
3559,00:01:42.438,6,0,on/off road
3563,00:01:42.518,6,0,on/off road
3564,00:01:42.538,6,0,on/off road
3567,00:01:42.578,5,0,on/off road
3568,00:01:42.618,5,0,on/off road
3569,00:01:42.638,5,0,on/off road
3571,00:01:42.658,4,1,on/off road
3572,00:01:42.698,4,1,on/off road
3573,00:01:42.718,4,1,on/off road
3575,00:01:42.738,4,1,on/off road
3577,00:01:42.778,5,1,on/off road
3578,00:01:42.818,5,1,on/off road
3579,00:01:42.838,5,1,on/off road
3581,00:01:42.878,6,1,on/off road
3583,00:01:42.938,6,1,on/off road
3585,00:01:42.958,6,1,on/off road
3587,00:01:42.998,6,1,on/off road
3588,00:01:43.038,6,1,on/off road
3592,00:01:43.078,6,1,on/off road
3593,00:01:43.138,6,1,on/off road
3597,00:01:43.198,7,1,on/off road
3598,00:01:43.218,7,1,on/off road
3599,00:01:43.238,7,1,on/off road
3603,00:01:43.298,8,2,on/off road
3604,00:01:43.338,8,2,on/off road
3607,00:01:43.398,7,1,on/off road
3609,00:01:43.418,7,1,on/off road
3610,00:01:43.438,7,1,on/off road
3612,00:01:43.478,7,2,on/off road
3613,00:01:43.637,7,2,on/off road
3617,00:01:43.677,7,1,on/off road
3618,00:01:43.697,7,1,on/off road
3619,00:01:43.737,7,2,on/off road
3622,00:01:43.817,6,3,on/off road
3623,00:01:43.837,6,3,on/off road
3627,00:01:43.917,6,2,on/off road
3629,00:01:43.937,6,2,on/off road
3632,00:01:44.017,7,2,on/off road
3633,00:01:44.037,7,2,on/off road
3635,00:01:44.057,7,2,on/off road
3636,00:01:44.077,7,2,on/off road
3637,00:01:44.097,7,2,on/off road
3638,00:01:44.137,6,2,on/off road
3641,00:01:44.217,6,1,on/off road
3642,00:01:44.237,6,1,on/off road
3645,00:01:44.257,6,1,on/off road
3646,00:01:44.277,6,1,on/off road
3647,00:01:44.317,6,1,on/off road
3648,00:01:44.337,6,1,on/off road
3652,00:01:44.377,6,0,on/off road
3654,00:01:44.417,6,0,on/off road
3655,00:01:44.577,6,0,on/off road
3657,00:01:44.697,6,0,on/off road
3660,00:01:44.837,6,0,on/off road
3661,00:01:44.877,6,0,on/off road
3662,00:01:44.897,6,0,on/off road
3665,00:01:44.977,6,1,on/off road
3666,00:01:44.997,5,1,on/off road
3668,00:01:45.017,5,1,on/off road
3669,00:01:45.037,6,1,on/off road
3670,00:01:45.057,5,1,on/off road
3671,00:01:45.097,5,1,on/off road
3673,00:01:45.137,6,1,on/off road
3674,00:01:45.157,5,1,on/off road
3676,00:01:45.196,5,1,on/off road
3680,00:01:45.276,6,0,on/off road
3681,00:01:45.496,6,0,on/off road
3682,00:01:45.516,6,0,on/off road
3684,00:01:45.536,6,0,on/off road
3685,00:01:45.556,6,0,on/off road
3686,00:01:45.576,6,0,on/off road
3687,00:01:45.596,5,0,on/off road
3688,00:01:45.616,5,0,on/off road
3692,00:01:45.656,4,2,on/off road
3693,00:01:45.676,4,2,on/off road
3694,00:01:45.696,4,2,on/off road
3695,00:01:45.716,5,1,on/off road
3697,00:01:45.736,3,0,on/off road
3698,00:01:45.776,3,0,on/off road
3699,00:01:45.796,3,0,on/off road
3700,00:01:45.816,3,0,on/off road
3701,00:01:45.836,3,0,on/off road
3702,00:01:45.856,3,0,on/off road
3703,00:01:45.916,3,0,on/off road
3706,00:01:45.956,4,1,on/off road
3708,00:01:45.976,4,1,on/off road
3709,00:01:46.016,4,1,on/off road
3711,00:01:46.096,4,1,on/off road
3712,00:01:46.136,4,1,on/off road
3713,00:01:46.156,6,2,on/off road
3716,00:01:46.216,8,1,on/off road
3717,00:01:46.276,8,1,on/off road
3719,00:01:46.296,6,2,on/off road
3721,00:01:46.336,6,2,on/off road
3722,00:01:46.376,6,2,on/off road
3723,00:01:46.396,5,2,on/off road
3727,00:01:46.436,7,1,on/off road
3728,00:01:46.496,7,1,on/off road
3732,00:01:46.576,5,2,on/off road
3733,00:01:46.596,5,2,on/off road
3736,00:01:46.696,7,1,on/off road
3737,00:01:46.736,7,1,on/off road
3740,00:01:46.756,7,1,on/off road
3741,00:01:46.796,7,1,on/off road
3742,00:01:46.855,7,1,on/off road
3744,00:01:46.935,6,0,on/off road
3745,00:01:46.955,6,0,on/off road
3747,00:01:46.975,6,0,on/off road
3748,00:01:46.995,6,0,on/off road
3752,00:01:47.155,6,1,on/off road
3753,00:01:47.195,6,1,on/off road
3756,00:01:47.235,7,0,on/off road
3757,00:01:47.275,7,0,on/off road
3759,00:01:47.295,7,0,on/off road
3761,00:01:47.315,8,0,on/off road
3762,00:01:47.335,8,0,on/off road
3763,00:01:47.355,8,0,on/off road
3764,00:01:47.375,8,0,on/off road
3765,00:01:47.395,8,0,on/off road
3768,00:01:47.475,7,0,on/off road
3770,00:01:47.495,7,0,on/off road
3771,00:01:47.515,7,0,on/off road
3772,00:01:47.535,7,0,on/off road
3773,00:01:47.555,7,0,on/off road
3774,00:01:47.575,7,0,on/off road
3775,00:01:47.595,7,0,on/off road
3779,00:01:47.695,7,0,on/off road
3782,00:01:47.735,7,0,on/off road
3783,00:01:47.755,7,0,on/off road
3785,00:01:47.795,7,0,on/off road
3789,00:01:47.875,7,0,on/off road
3791,00:01:47.895,7,0,on/off road
3795,00:01:47.995,7,0,on/off road
3798,00:01:48.095,7,0,on/off road
3799,00:01:48.135,7,0,on/off road
3800,00:01:48.175,7,0,on/off road
3803,00:01:48.215,9,0,vehicle
3804,00:01:48.235,9,0,vehicle
3805,00:01:48.255,9,0,vehicle
3807,00:01:48.275,9,0,vehicle
3809,00:01:48.315,9,0,vehicle
3810,00:01:48.335,8,0,on/off road
3811,00:01:48.614,8,0,on/off road
3814,00:01:48.734,10,0,on/off road
3815,00:01:48.754,10,0,on/off road
3817,00:01:48.774,10,1,vehicle
3818,00:01:48.794,10,1,vehicle
3821,00:01:49.034,11,0,vehicle
3823,00:01:49.054,11,0,vehicle
3825,00:01:49.074,9,1,on/off road
3826,00:01:49.134,9,1,on/off road
3827,00:01:49.154,9,1,on/off road
3829,00:01:49.214,9,1,on/off road
3830,00:01:49.254,9,1,on/off road
3832,00:01:49.274,9,1,on/off road
3833,00:01:49.294,9,1,on/off road
3834,00:01:49.334,9,1,on/off road
3835,00:01:49.354,9,1,on/off road
3837,00:01:49.374,9,1,on/off road
3838,00:01:49.414,10,1,on/off road
3839,00:01:49.434,10,1,on/off road
3841,00:01:49.474,8,1,on/off road
3842,00:01:49.494,8,1,on/off road
3846,00:01:49.534,8,1,on/off road
3847,00:01:49.554,8,1,on/off road
3848,00:01:49.574,8,1,on/off road
3849,00:01:49.594,8,1,on/off road
3851,00:01:49.654,8,2,on/off road
3852,00:01:49.814,8,2,on/off road
3853,00:01:49.834,8,2,on/off road
3854,00:01:49.854,8,2,on/off road
3855,00:01:49.874,8,2,on/off road
3856,00:01:49.894,8,2,on/off road
3857,00:01:49.914,8,2,on/off road
3858,00:01:49.954,8,2,on/off road
3861,00:01:50.014,7,2,on/off road
3862,00:01:50.054,7,2,on/off road
3866,00:01:50.114,6,3,on/off road
3867,00:01:50.134,6,3,on/off road
3869,00:01:50.154,7,3,on/off road
3872,00:01:50.193,6,1,on/off road
3873,00:01:50.233,6,1,on/off road
3875,00:01:50.253,6,1,on/off road
3878,00:01:50.433,6,3,on/off road
3879,00:01:50.493,6,3,on/off road
3881,00:01:50.573,5,3,on/off road
3882,00:01:50.593,5,3,on/off road
3884,00:01:50.613,5,3,on/off road
3885,00:01:50.633,5,3,on/off road
3886,00:01:50.653,5,3,on/off road
3888,00:01:50.693,5,3,on/off road
3892,00:01:50.753,5,3,vehicle
3893,00:01:50.793,5,3,vehicle
3895,00:01:50.833,4,3,vehicle
3896,00:01:50.873,4,3,vehicle
3897,00:01:50.893,4,3,vehicle
3900,00:01:50.953,5,3,vehicle
3901,00:01:50.993,6,3,vehicle
3904,00:01:51.013,5,3,on/off road
3905,00:01:51.033,5,3,on/off road
3906,00:01:51.073,5,3,on/off road
3908,00:01:51.093,5,3,on/off road
3910,00:01:51.113,3,2,vehicle
3911,00:01:51.173,3,2,vehicle
3912,00:01:51.193,3,2,vehicle
3914,00:01:51.213,3,1,on/off road
3915,00:01:51.233,3,1,on/off road
3917,00:01:51.253,3,1,on/off road
3918,00:01:51.293,3,1,on/off road
3921,00:01:51.353,3,1,on/off road
3922,00:01:51.393,3,1,on/off road
3925,00:01:51.493,4,1,on/off road
3928,00:01:51.513,4,1,on/off road
3929,00:01:51.573,4,1,on/off road
3930,00:01:51.593,4,1,on/off road
3933,00:01:51.613,4,1,on/off road
3934,00:01:51.653,4,1,on/off road
3936,00:01:51.673,4,1,on/off road
3937,00:01:51.693,4,1,on/off road
3938,00:01:51.713,4,1,on/off road
3939,00:01:51.753,4,1,on/off road
3940,00:01:51.773,4,1,on/off road
3941,00:01:51.792,4,1,on/off road
3942,00:01:51.832,4,1,on/off road
3943,00:01:51.852,4,1,on/off road
3944,00:01:51.892,4,1,on/off road
3946,00:01:51.912,4,1,on/off road
3947,00:01:51.932,4,1,on/off road
3948,00:01:51.972,4,1,on/off road
3950,00:01:51.992,4,1,on/off road
3951,00:01:52.052,5,1,on/off road
3952,00:01:52.072,5,1,on/off road
3954,00:01:52.092,5,1,on/off road
3956,00:01:52.132,5,1,on/off road
3957,00:01:52.152,5,1,on/off road
3958,00:01:52.172,5,1,on/off road
3959,00:01:52.192,5,1,on/off road
3961,00:01:52.212,3,0,on/off road
3962,00:01:52.272,3,0,on/off road
3964,00:01:52.292,3,0,on/off road
3968,00:01:52.392,4,0,on/off road
3970,00:01:52.412,4,1,vehicle
3971,00:01:52.432,4,1,vehicle
3972,00:01:52.472,4,1,vehicle
3973,00:01:52.492,4,1,vehicle
3975,00:01:52.512,4,1,vehicle
3976,00:01:52.532,4,1,vehicle
3977,00:01:52.572,4,1,vehicle
3979,00:01:52.592,4,0,vehicle
3980,00:01:52.612,4,0,vehicle
3981,00:01:52.632,4,0,vehicle
3982,00:01:52.692,4,0,vehicle
3986,00:01:52.732,4,0,on/off road
3987,00:01:52.752,4,0,on/off road
3988,00:01:52.792,4,0,on/off road
3990,00:01:52.832,4,0,on/off road
3991,00:01:52.892,4,0,on/off road
3994,00:01:52.932,4,0,on/off road
3995,00:01:52.972,4,0,on/off road
3996,00:01:52.992,4,0,on/off road
3998,00:01:53.032,4,0,on/off road
3999,00:01:53.072,4,0,on/off road
4000,00:01:53.092,4,0,on/off road
4002,00:01:53.132,4,0,on/off road
4004,00:01:53.192,4,0,on/off road
4007,00:01:53.272,5,0,on/off road
4009,00:01:53.312,5,0,on/off road
4011,00:01:53.332,6,0,on/off road
4012,00:01:53.392,6,0,on/off road
4013,00:01:53.412,5,0,on/off road
4015,00:01:53.471,6,0,on/off road
4017,00:01:53.491,6,0,on/off road
4018,00:01:53.511,6,0,on/off road
4020,00:01:53.611,4,0,on/off road
4021,00:01:53.631,4,0,on/off road
4022,00:01:53.651,4,0,on/off road
4024,00:01:53.671,4,0,on/off road
4026,00:01:53.691,6,0,vehicle
4027,00:01:53.731,6,0,vehicle
4029,00:01:53.771,6,0,vehicle
4032,00:01:53.791,4,0,vehicle
4033,00:01:53.831,4,0,vehicle
4034,00:01:53.851,4,0,vehicle
4036,00:01:53.871,4,0,vehicle
4038,00:01:53.911,4,0,vehicle
4039,00:01:53.931,4,0,vehicle
4040,00:01:53.971,4,0,vehicle
4044,00:01:54.011,4,0,on/off road
4045,00:01:54.031,5,0,on/off road
4047,00:01:54.071,5,0,on/off road
4049,00:01:54.131,6,0,on/off road
4050,00:01:54.151,6,0,on/off road
4051,00:01:54.191,6,0,on/off road
4054,00:01:54.251,3,0,vehicle
4055,00:01:54.271,3,0,vehicle
4056,00:01:54.291,3,0,vehicle
4057,00:01:54.311,3,0,vehicle
4059,00:01:54.331,3,0,vehicle
4060,00:01:54.351,3,0,vehicle
4061,00:01:54.371,3,0,vehicle
4062,00:01:54.391,3,0,vehicle
4064,00:01:54.411,3,0,vehicle
4066,00:01:54.431,4,0,on/off road
4067,00:01:54.471,4,0,on/off road
4068,00:01:54.491,4,0,on/off road
4070,00:01:54.511,4,0,on/off road
4072,00:01:54.551,5,0,on/off road
4073,00:01:54.571,5,0,on/off road
4074,00:01:54.611,5,0,on/off road
4076,00:01:54.631,4,0,on/off road
4077,00:01:54.671,4,0,on/off road
4078,00:01:54.691,4,0,on/off road
4079,00:01:54.711,4,0,on/off road
4082,00:01:54.771,2,0,vehicle
4083,00:01:54.791,2,0,vehicle
4084,00:01:54.811,2,0,vehicle
4086,00:01:54.831,2,0,on/off road
4087,00:01:54.871,2,0,on/off road
4088,00:01:54.891,2,0,on/off road
4089,00:01:55.091,2,0,on/off road
4090,00:01:55.130,2,0,on/off road
4092,00:01:55.150,3,0,on/off road
4093,00:01:55.190,3,0,on/off road
4094,00:01:55.230,3,0,on/off road
4096,00:01:55.250,2,0,on/off road
4097,00:01:55.290,2,0,on/off road
4099,00:01:55.330,2,0,on/off road
4102,00:01:55.370,3,0,on/off road
4103,00:01:55.390,3,0,on/off road
4105,00:01:55.450,3,0,on/off road
4107,00:01:55.470,3,0,vehicle
4108,00:01:55.510,3,0,vehicle
4109,00:01:55.530,3,0,vehicle
4110,00:01:55.550,3,0,vehicle
4113,00:01:55.590,2,0,vehicle
4114,00:01:55.630,3,0,vehicle
4115,00:01:55.650,3,0,vehicle
4117,00:01:55.670,3,0,on/off road
4118,00:01:55.790,2,0,on/off road
4119,00:01:55.830,2,0,on/off road
4123,00:01:55.870,2,0,on/off road
4124,00:01:55.910,2,0,on/off road
4125,00:01:55.930,2,0,on/off road
4126,00:01:55.950,2,0,on/off road
4127,00:01:55.970,2,0,on/off road
4128,00:01:56.010,2,0,on/off road
4129,00:01:56.030,2,0,on/off road
4133,00:01:56.090,3,0,vehicle
4134,00:01:56.130,3,0,vehicle
4135,00:01:56.150,3,0,vehicle
4136,00:01:56.170,3,0,vehicle
4137,00:01:56.210,3,0,vehicle
4138,00:01:56.230,3,0,vehicle
4141,00:01:56.330,3,0,on/off road
4142,00:01:56.370,3,0,on/off road
4145,00:01:56.450,3,0,on/off road
4148,00:01:56.470,1,0,on/off road
4149,00:01:56.490,1,0,on/off road
4150,00:01:56.530,1,0,on/off road
4151,00:01:56.550,1,0,on/off road
4153,00:01:56.570,1,0,on/off road
4155,00:01:56.630,4,0,on/off road
4157,00:01:56.670,3,0,on/off road
4159,00:01:56.690,3,0,on/off road
4160,00:01:56.730,3,0,on/off road
4161,00:01:56.770,3,0,on/off road
4164,00:01:56.789,2,0,on/off road
4165,00:01:56.829,2,0,on/off road
4166,00:01:56.869,2,0,on/off road
4168,00:01:56.929,3,0,on/off road
4170,00:01:56.949,3,0,on/off road
4171,00:01:57.049,3,0,on/off road
4174,00:01:57.089,3,0,on/off road
4175,00:01:57.109,3,0,on/off road
4177,00:01:57.149,2,0,on/off road
4179,00:01:57.189,2,0,on/off road
4182,00:01:57.249,7,0,on/off road
4184,00:01:57.269,7,0,on/off road
4186,00:01:57.349,5,0,on/off road
4188,00:01:57.389,5,0,on/off road
4189,00:01:57.409,5,0,on/off road
4190,00:01:57.449,5,0,on/off road
4193,00:01:57.489,5,0,on/off road
4194,00:01:57.509,5,0,on/off road
4195,00:01:57.589,5,0,on/off road
4197,00:01:57.629,5,0,on/off road
4199,00:01:57.689,3,1,vehicle
4202,00:01:57.749,3,1,vehicle
4203,00:01:57.829,3,1,vehicle
4204,00:01:57.889,3,1,vehicle
4206,00:01:57.949,3,1,vehicle
4208,00:01:57.989,3,1,vehicle
4209,00:01:58.009,3,1,vehicle
4211,00:01:58.049,2,1,on/off road
4212,00:01:58.129,2,1,on/off road
4213,00:01:58.149,2,1,on/off road
4216,00:01:58.189,3,1,on/off road
4217,00:01:58.209,3,1,on/off road
4218,00:01:58.249,3,1,on/off road
4220,00:01:58.269,3,1,on/off road
4221,00:01:58.289,3,1,on/off road
4222,00:01:58.309,3,1,on/off road
4223,00:01:58.329,3,1,on/off road
4224,00:01:58.349,3,1,on/off road
4226,0001:58.448,2,3,on/off road
4230,00:01:58.508,1,0,on/off road
4231,00:01:58.528,1,0,on/off road
4232,00:01:58.548,1,0,on/off road
4235,00:01:58.608,2,0,on/off road
4236,00:01:58.648,2,0,on/off road
4239,00:01:58.688,2,0,on/off road
4241,00:01:58.768,2,0,on/off road
4244,00:01:58.808,3,0,on/off road
4245,00:01:58.828,3,0,on/off road
4246,00:01:58.848,3,0,on/off road
4247,00:01:58.868,3,0,on/off road
4249,00:01:58.928,2,0,on/off road
4251,00:01:58.988,2,0,on/off road
4253,00:01:59.008,2,0,on/off road
4254,00:01:59.048,2,0,on/off road
4255,00:01:59.068,2,0,on/off road
4256,00:01:59.108,2,0,on/off road
4258,00:01:59.148,2,1,on/off road
4259,00:01:59.188,2,1,on/off road
4260,00:01:59.208,2,1,on/off road
4263,00:01:59.248,2,1,on/off road
4265,00:01:59.308,3,2,
4266,00:01:59.328,3,2,
4268,00:01:59.368,3,2,
4269,00:01:59.428,3,2,
4270,00:01:59.448,3,2,
4273,00:01:59.468,1,3,on/off road
4274,00:01:59.508,1,3,on/off road
4275,00:01:59.548,1,3,on/off road
4278,00:01:59.608,1,1,on/off road
4280,00:01:59.628,1,2,on/off road
4281,00:01:59.648,1,2,on/off road
4284,00:01:59.688,2,0,vehicle
4286,00:01:59.728,2,1,vehicle
4287,00:01:59.748,2,0,vehicle
4290,00:01:59.788,1,1,on/off road
4292,00:01:59.808,1,1,on/off road
4293,00:01:59.828,1,1,on/off road
4294,00:01:59.848,1,1,on/off road
4296,00:01:59.868,1,1,on/off road
4298,00:01:59.908,1,1,on/off road
4299,00:01:59.928,1,1,on/off road
4300,00:01:59.948,1,1,on/off road
4301,00:01:59.968,1,1,on/off road
4302,00:02:00.008,1,1,on/off road
4303,00:02:00.028,1,1,on/off road
4304,00:02:00.047,1,1,on/off road
4305,00:02:00.067,1,1,on/off road
4307,00:02:00.107,1,1,on/off road
4308,00:02:00.127,1,1,on/off road
4310,00:02:00.147,1,1,on/off road
4311,00:02:00.167,1,1,on/off road
4312,00:02:00.207,1,1,on/off road
4313,00:02:00.227,1,1,on/off road
4314,00:02:00.247,1,1,on/off road
4317,00:02:00.307,2,0,vehicle
4318,00:02:00.347,2,0,vehicle
4321,00:02:00.387,1,1,
4322,00:02:00.427,1,1,
4324,00:02:00.447,1,1,
4327,00:02:00.527,1,1,
4328,00:02:00.547,1,1,
4330,00:02:00.567,1,1,
4331,00:02:00.607,1,1,
4332,00:02:00.627,1,1,
4333,00:02:00.647,1,1,
4335,00:02:00.707,1,2,on/off road
4337,00:02:00.747,1,2,on/off road
4340,00:02:00.767,2,0,vehicle
4342,00:02:00.847,2,0,vehicle
4345,00:02:00.887,2,0,vehicle
4346,00:02:00.927,2,0,vehicle
4348,00:02:00.947,2,0,vehicle
4350,00:02:00.967,2,0,on/off road
4351,00:02:01.027,2,0,on/off road
4352,00:02:01.047,2,0,on/off road
4353,00:02:01.067,2,0,on/off road
4354,00:02:01.087,2,0,on/off road
4355,00:02:01.107,2,0,on/off road
4356,00:02:01.487,2,0,on/off road
4359,00:02:01.527,3,1,on/off road
4360,00:02:01.647,3,1,on/off road
4361,00:02:01.667,3,1,on/off road
4364,00:02:01.746,2,0,on/off road
4365,00:02:01.806,2,0,on/off road
4369,00:02:01.866,1,0,on/off road
4370,00:02:01.946,1,0,on/off road
4371,00:02:01.966,1,0,on/off road
4374,00:02:02.006,1,0,on/off road
4375,00:02:02.066,1,0,on/off road
4379,00:02:02.106,3,0,on/off road
4380,00:02:02.126,3,0,on/off road
4381,00:02:02.146,3,0,on/off road
4382,00:02:02.166,3,0,on/off road
4386,00:02:02.206,4,0,on/off road
4387,00:02:02.226,4,0,on/off road
4388,00:02:02.246,4,0,on/off road
4389,00:02:02.266,4,0,on/off road
4392,00:02:02.346,4,0,on/off road
4393,00:02:02.366,4,0,on/off road
4395,00:02:02.386,4,0,on/off road
4396,00:02:02.426,4,0,on/off road
4397,00:02:02.446,4,0,on/off road
4398,00:02:02.466,4,0,on/off road
4401,00:02:02.566,4,0,on/off road
4404,00:02:02.606,3,0,on/off road
4405,00:02:02.646,4,0,on/off road
4406,00:02:02.666,4,0,on/off road
4408,00:02:02.686,3,0,on/off road
4409,00:02:02.746,3,0,on/off road
4410,00:02:02.766,3,0,on/off road
4413,00:02:02.826,2,0,on/off road
4416,00:02:02.866,2,0,on/off road
4419,00:02:02.886,3,0,on/off road
4420,00:02:02.926,3,0,on/off road
4421,00:02:02.966,3,0,on/off road
4423,00:02:03.006,3,0,on/off road
4424,00:02:03.066,3,0,on/off road
4427,00:02:03.106,3,0,on/off road
4429,00:02:03.146,3,0,on/off road
4430,00:02:03.166,3,0,on/off road
4432,00:02:03.206,5,0,on/off road
4433,00:02:03.226,5,0,on/off road
4434,00:02:03.246,5,0,on/off road
4435,00:02:03.266,5,0,on/off road
4438,00:02:03.306,5,0,on/off road
4439,00:02:03.326,5,0,on/off road
4440,00:02:03.425,5,0,on/off road
4443,00:02:03.465,4,0,on/off road
4444,00:02:03.505,4,0,on/off road
4446,00:02:03.525,4,0,on/off road
4447,00:02:03.565,3,0,on/off road
4448,00:02:03.605,3,0,on/off road
4450,00:02:03.625,3,0,on/off road
4452,00:02:03.665,3,0,on/off road
4453,00:02:03.725,3,0,on/off road
4456,00:02:03.785,2,0,on/off road
4458,00:02:03.825,3,0,on/off road
4460,00:02:03.845,2,0,on/off road
4461,00:02:03.885,2,0,on/off road
4462,00:02:03.905,2,0,on/off road
4463,00:02:03.925,2,0,on/off road
4466,00:02:03.985,1,0,on/off road
4468,00:02:04.025,1,0,on/off road
4471,00:02:04.085,1,0,on/off road
4473,00:02:04.125,1,0,on/off road
4476,00:02:04.185,1,0,on/off road
4477,00:02:04.225,1,0,on/off road
4481,00:02:04.285,1,0,on/off road
4482,00:02:04.325,1,0,on/off road
4483,00:02:04.365,1,0,on/off road
4485,00:02:04.405,1,0,on/off road
4486,00:02:04.425,1,0,on/off road
4489,00:02:04.485,1,0,on/off road
4490,00:02:04.525,1,0,on/off road
4491,00:02:04.545,1,0,on/off road
4493,00:02:04.585,1,0,on/off road
4494,00:02:04.605,1,0,on/off road
4495,00:02:04.625,1,0,on/off road
4496,00:02:04.685,1,0,on/off road
4499,00:02:04.705,4,0,on/off road
4500,00:02:04.785,3,0,on/off road
4504,00:02:04.865,2,0,on/off road
4505,00:02:05.005,2,0,on/off road
4508,00:02:05.044,2,0,on/off road
4510,00:02:05.084,2,0,on/off road
4511,00:02:05.124,2,0,on/off road
4513,00:02:05.144,2,0,on/off road
4515,00:02:05.184,2,0,on/off road
4516,00:02:05.204,1,0,on/off road
4517,00:02:05.224,1,0,on/off road
4519,00:02:05.264,1,0,on/off road
4521,00:02:05.324,1,0,on/off road
4524,00:02:05.344,1,0,on/off road
4525,00:02:05.384,1,0,on/off road
4526,00:02:05.424,1,0,on/off road
4529,00:02:05.464,0,0,on/off road
4530,00:02:05.504,0,0,on/off road
4531,00:02:05.524,0,0,on/off road
4533,00:02:05.544,0,0,on/off road
4538,00:02:05.644,1,0,on/off road
4540,00:02:05.664,1,0,on/off road
4541,00:02:05.704,1,0,on/off road
4542,00:02:05.744,1,0,on/off road
4544,00:02:05.784,1,0,on/off road
4545,00:02:05.804,1,0,on/off road
4548,00:02:05.844,1,0,on/off road
4550,00:02:05.884,1,0,on/off road
4551,00:02:05.904,1,0,on/off road
4552,00:02:05.924,1,0,on/off road
4553,00:02:05.944,1,0,on/off road
4556,00:02:05.984,2,0,on/off road
4557,00:02:06.024,2,0,on/off road
4558,00:02:06.044,2,0,on/off road
4560,00:02:06.144,2,0,on/off road
4561,00:02:06.184,2,0,on/off road
4562,00:02:06.204,2,0,on/off road
4563,00:02:06.224,2,0,on/off road
4567,00:02:06.324,1,0,on/off road
4584,00:02:06.664,0,1,on/off road
4585,00:02:06.683,0,1,on/off road
4586,00:02:06.703,0,1,on/off road
4587,00:02:06.723,0,1,on/off road
4590,00:02:06.803,0,1,on/off road
4591,00:02:06.823,0,1,on/off road
4599,00:02:06.963,0,1,on/off road
4600,00:02:07.003,0,1,on/off road
4601,00:02:07.023,0,1,on/off road
4603,00:02:07.063,0,1,on/off road
4604,00:02:07.103,0,1,on/off road
4605,00:02:07.123,0,1,on/off road
4608,00:02:07.163,0,1,on/off road
4609,00:02:07.183,0,1,on/off road
4611,00:02:07.203,0,1,on/off road
4612,00:02:07.223,0,1,on/off road
4614,00:02:07.283,0,1,on/off road
4616,00:02:07.303,0,1,on/off road
4617,00:02:07.323,0,1,on/off road
4619,00:02:07.343,0,1,on/off road
4620,00:02:07.383,0,1,on/off road
4621,00:02:07.403,0,1,on/off road
4623,00:02:07.423,0,1,on/off road
4625,00:02:07.443,0,1,on/off road
4626,00:02:07.503,0,1,on/off road
4627,00:02:07.523,0,1,on/off road
4629,00:02:07.543,0,1,on/off road
4630,00:02:07.583,0,1,on/off road
4631,00:02:07.623,0,1,on/off road
4633,00:02:07.643,1,1,on/off road
4634,00:02:07.683,1,1,on/off road
4635,00:02:07.703,1,1,on/off road
4636,00:02:07.723,1,1,on/off road
4639,00:02:07.763,1,1,on/off road
4640,00:02:07.803,2,1,on/off road
4641,00:02:07.823,2,1,on/off road
4644,00:02:07.863,1,1,on/off road
4645,00:02:07.903,1,1,on/off road
4646,00:02:07.923,1,1,on/off road
4649,00:02:07.943,1,1,on/off road
4650,00:02:07.963,2,1,on/off road
4651,00:02:07.983,2,1,on/off road
4652,00:02:08.023,2,1,on/off road
4654,00:02:08.043,1,1,on/off road
4655,00:02:08.083,1,1,on/off road
4656,00:02:08.103,1,1,on/off road
4657,00:02:08.123,1,1,on/off road
4660,00:02:08.163,1,2,on/off road
4661,00:02:08.203,1,2,on/off road
4662,00:02:08.223,1,2,on/off road
4663,00:02:08.243,1,2,on/off road
4664,00:02:08.283,1,2,on/off road
4665,00:02:08.302,1,2,on/off road
4666,00:02:08.322,1,2,on/off road
4668,00:02:08.362,1,2,on/off road
4669,00:02:08.382,1,2,on/off road
4670,00:02:08.422,1,2,on/off road
4673,00:02:08.502,0,2,on/off road
4674,00:02:08.522,0,2,on/off road
4677,00:02:08.562,1,2,on/off road
4678,00:02:08.602,1,2,on/off road
4680,00:02:08.622,2,1,on/off road
4682,00:02:08.642,2,1,on/off road
4683,00:02:08.682,2,1,on/off road
4684,00:02:08.702,2,1,on/off road
4685,00:02:08.722,2,1,on/off road
4687,00:02:08.782,0,2,on/off road
4689,00:02:08.822,0,2,on/off road
4691,00:02:08.862,0,2,on/off road
4692,00:02:08.902,0,2,on/off road
4693,00:02:08.922,0,2,on/off road
4696,00:02:08.962,0,2,on/off road
4698,00:02:09.022,0,1,on/off road
4701,00:02:09.062,1,1,on/off road
4702,00:02:09.102,1,1,on/off road
4703,00:02:09.122,1,1,on/off road
4706,00:02:09.162,2,1,on/off road
4707,00:02:09.202,2,1,on/off road
4709,00:02:09.222,2,1,on/off road
4710,00:02:09.242,1,2,on/off road
4711,00:02:09.282,1,2,on/off road
4713,00:02:09.322,1,2,on/off road
4716,00:02:09.362,1,2,on/off road
4717,00:02:09.382,1,2,on/off road
4719,00:02:09.422,1,2,on/off road
4722,00:02:09.462,1,2,on/off road
4723,00:02:09.482,1,2,on/off road
4725,00:02:09.502,1,2,on/off road
4726,00:02:09.522,1,2,on/off road
4727,00:02:09.542,1,2,on/off road
4728,00:02:09.562,0,2,on/off road
4729,00:02:09.622,0,2,on/off road
4732,00:02:09.662,0,0,on/off road
4733,00:02:09.682,0,0,on/off road
4734,00:02:09.762,0,0,on/off road
4736,00:02:09.922,0,0,on/off road
4738,00:02:09.981,0,0,on/off road
4739,00:02:10.061,0,0,on/off road
4741,00:02:10.081,1,0,on/off road
4742,00:02:10.121,1,0,on/off road
4744,00:02:10.321,1,0,on/off road
4751,00:02:10.481,1,0,on/off road
4752,00:02:10.501,1,0,on/off road
4762,00:02:10.721,0,1,on/off road
4764,00:02:10.741,0,0,on/off road
4766,00:02:10.761,0,0,on/off road
4767,00:02:10.781,0,0,on/off road
4768,00:02:10.801,0,0,on/off road
4769,00:02:10.841,0,0,on/off road
4771,00:02:10.861,0,0,on/off road
4772,00:02:10.881,0,0,on/off road
4773,00:02:10.901,0,0,on/off road
4775,00:02:11.041,0,0,on/off road
4777,00:02:11.081,0,0,on/off road
4779,00:02:11.101,0,0,on/off road
4780,00:02:11.121,0,0,on/off road
4781,00:02:11.141,0,0,on/off road
4788,00:02:11.281,0,0,on/off road
4789,00:02:11.341,0,0,on/off road
4792,00:02:11.401,0,1,on/off road
4794,00:02:11.441,0,1,on/off road
4801,00:02:11.581,0,1,on/off road
4802,00:02:11.601,0,1,on/off road
4803,00:02:11.700,0,1,on/off road
4804,00:02:11.740,0,1,on/off road
4807,00:02:11.780,0,2,on/off road
4808,00:02:11.800,0,2,on/off road
4809,00:02:11.820,0,2,on/off road
4810,00:02:11.840,0,2,on/off road
4813,00:02:11.880,0,1,on/off road
4814,00:02:11.900,0,1,on/off road
4816,00:02:11.940,0,1,on/off road
4819,00:02:12.020,0,2,on/off road
4820,00:02:12.040,0,2,on/off road
4823,00:02:12.080,0,2,on/off road
4824,00:02:12.100,0,2,on/off road
4825,00:02:12.140,0,2,on/off road
4827,00:02:12.180,0,2,on/off road
4829,00:02:12.240,0,2,on/off road
4832,00:02:12.300,1,1,on/off road
4833,00:02:12.320,1,1,on/off road
4834,00:02:12.340,1,1,on/off road
4836,00:02:12.380,1,1,on/off road
4837,00:02:12.400,1,1,on/off road
4838,00:02:12.420,1,1,on/off road
4839,00:02:12.440,1,1,on/off road
4842,00:02:12.480,0,1,on/off road
4843,00:02:12.500,0,1,on/off road
4844,00:02:12.520,0,1,on/off road
4845,00:02:12.540,0,1,on/off road
4848,00:02:12.580,1,0,on/off road
4849,00:02:12.600,1,0,on/off road
4850,00:02:12.620,1,0,on/off road
4851,00:02:12.640,1,0,on/off road
4854,00:02:12.680,2,1,on/off road
4855,00:02:12.720,2,1,on/off road
4856,00:02:12.740,2,1,on/off road
4858,00:02:12.760,2,1,on/off road
4859,00:02:12.800,2,1,on/off road
4860,00:02:12.840,2,1,on/off road
4863,00:02:12.880,0,2,on/off road
4864,00:02:12.920,0,2,on/off road
4865,00:02:12.940,0,2,on/off road
4868,00:02:13.000,2,1,on/off road
4870,00:02:13.040,2,1,on/off road
4873,00:02:13.080,0,1,on/off road
4874,00:02:13.100,0,1,on/off road
4875,00:02:13.120,0,1,on/off road
4876,00:02:13.140,0,1,on/off road
4878,00:02:13.180,0,1,on/off road
4879,00:02:13.220,0,1,on/off road
4880,00:02:13.240,0,1,on/off road
4883,00:02:13.280,0,1,on/off road
4884,00:02:13.339,0,1,on/off road
4887,00:02:13.399,1,1,on/off road
4888,00:02:13.419,1,1,on/off road
4889,00:02:13.439,1,1,on/off road
4891,00:02:13.479,1,1,on/off road
4893,00:02:13.639,1,1,on/off road
4894,00:02:13.659,1,1,on/off road
4896,00:02:13.679,0,1,on/off road
4897,00:02:13.739,0,1,on/off road
4898,00:02:13.759,0,1,on/off road
4901,00:02:13.799,2,1,on/off road
4903,00:02:13.899,2,1,on/off road
4904,00:02:13.919,2,1,on/off road
4906,00:02:13.939,0,0,on/off road
4907,00:02:13.999,0,0,on/off road
4908,00:02:14.019,0,0,on/off road
4910,00:02:14.039,1,0,on/off road
4911,00:02:14.079,1,0,on/off road
4912,00:02:14.099,1,0,on/off road
4913,00:02:14.119,1,0,on/off road
4915,00:02:14.139,0,0,on/off road
4916,00:02:14.179,0,0,on/off road
4917,00:02:14.199,0,0,on/off road
4918,00:02:14.219,0,0,on/off road
4921,00:02:14.259,0,0,on/off road
4922,00:02:14.279,0,0,on/off road
4924,00:02:14.299,0,0,on/off road
4925,00:02:14.319,0,0,on/off road
4928,00:02:14.339,0,0,on/off road
4929,00:02:14.419,0,0,on/off road
4931,00:02:14.459,3,0,on/off road
4932,00:02:14.499,3,0,on/off road
4933,00:02:14.519,3,0,on/off road
4936,00:02:14.559,3,0,on/off road
4937,00:02:14.679,3,0,on/off road
4938,00:02:14.719,3,0,on/off road
4940,00:02:14.759,3,0,on/off road
4941,00:02:14.799,3,0,on/off road
4942,00:02:14.819,3,0,on/off road
4945,00:02:14.859,3,0,on/off road
4946,00:02:14.879,3,0,on/off road
4947,00:02:14.919,3,0,on/off road
4950,00:02:14.978,3,0,on/off road
4951,00:02:14.998,1,0,on/off road
4952,00:02:15.018,3,0,on/off road
4954,00:02:15.038,2,0,on/off road
4955,00:02:15.158,2,0,on/off road
4956,00:02:15.178,2,0,on/off road
4957,00:02:15.198,2,0,on/off road
4958,00:02:15.218,2,0,on/off road
4959,00:02:15.258,3,0,on/off road
4960,00:02:15.298,2,0,on/off road
4963,00:02:15.338,1,1,on/off road
4964,00:02:15.358,1,1,on/off road
4965,00:02:15.378,1,1,on/off road
4967,00:02:15.398,1,1,on/off road
4969,00:02:15.438,1,0,on/off road
4970,00:02:15.478,1,0,on/off road
4971,00:02:15.498,1,0,on/off road
4974,00:02:15.578,1,0,on/off road
4975,00:02:15.598,1,0,on/off road
4977,00:02:15.618,1,0,on/off road
4978,00:02:15.658,1,0,on/off road
4980,00:02:15.698,1,0,on/off road
4982,00:02:15.718,1,0,on/off road
4984,00:02:15.738,2,0,on/off road
4985,00:02:15.758,2,0,on/off road
4986,00:02:15.798,2,0,on/off road
4988,00:02:15.838,1,0,on/off road
4991,00:02:15.898,1,0,on/off road
4993,00:02:15.918,2,0,on/off road
4994,00:02:15.978,2,0,on/off road
4997,00:02:15.998,2,0,on/off road
4998,00:02:16.018,2,0,on/off road
4999,00:02:16.058,2,0,on/off road
5000,00:02:16.098,2,0,on/off road
5003,00:02:16.138,1,0,on/off road
5004,00:02:16.178,1,0,on/off road
5005,00:02:16.198,1,0,on/off road
5007,00:02:16.218,2,0,on/off road
5008,00:02:16.258,2,0,on/off road
5011,00:02:16.298,1,0,on/off road
5013,00:02:16.358,1,0,on/off road
5014,00:02:16.378,1,0,on/off road
5015,00:02:16.398,1,0,on/off road
5018,00:02:16.438,2,0,on/off road
5019,00:02:16.478,2,0,on/off road
5020,00:02:16.498,2,0,on/off road
5023,00:02:16.538,1,0,on/off road
5024,00:02:16.578,1,0,on/off road
5025,00:02:16.597,1,0,on/off road
5028,00:02:16.637,6,0,vehicle
5029,00:02:16.657,6,0,vehicle
5031,00:02:16.677,6,0,vehicle
5033,00:02:16.697,3,0,on/off road
5034,00:02:16.717,2,0,on/off road
5035,00:02:16.757,2,0,on/off road
5036,00:02:16.797,2,0,on/off road
5038,00:02:16.817,2,0,on/off road
5039,00:02:16.857,2,0,on/off road
5040,00:02:16.897,2,0,on/off road
5042,00:02:16.917,4,0,on/off road
5043,00:02:16.957,4,0,on/off road
5044,00:02:16.997,4,0,on/off road
5046,00:02:17.057,4,0,on/off road
5048,00:02:17.097,4,0,on/off road
5051,00:02:17.137,6,0,on/off road
5053,00:02:17.177,6,0,on/off road
5054,00:02:17.197,6,0,on/off road
5056,00:02:17.237,4,0,on/off road
5057,00:02:17.277,4,0,on/off road
5058,00:02:17.297,4,0,on/off road
5059,00:02:17.317,4,0,on/off road
5062,00:02:17.357,5,0,on/off road
5063,00:02:17.437,5,0,on/off road
5064,00:02:17.477,5,0,on/off road
5066,00:02:17.497,5,0,on/off road
5067,00:02:17.517,5,0,on/off road
5068,00:02:17.537,5,0,on/off road
5069,00:02:17.557,5,0,on/off road
5071,00:02:17.577,5,0,on/off road
5073,00:02:17.617,5,0,on/off road
5074,00:02:17.657,4,0,on/off road
5075,00:02:17.677,4,0,on/off road
5078,00:02:17.737,4,0,on/off road
5079,00:02:17.777,4,0,on/off road
5081,00:02:17.797,3,0,on/off road
5082,00:02:17.857,3,0,on/off road
5083,00:02:17.877,3,0,on/off road
5084,00:02:17.897,3,0,on/off road
5089,00:02:17.997,3,0,on/off road
5091,00:02:18.017,3,0,on/off road
5092,00:02:18.077,3,0,on/off road
5093,00:02:18.097,3,0,on/off road
5095,00:02:18.117,3,0,on/off road
5097,00:02:18.157,3,0,on/off road
5098,00:02:18.177,3,0,on/off road
5099,00:02:18.197,3,0,on/off road
5100,00:02:18.217,3,0,on/off road
5102,00:02:18.316,2,0,on/off road
5103,00:02:18.376,2,0,on/off road
5104,00:02:18.416,2,0,on/off road
5107,00:02:18.476,2,0,on/off road
5108,00:02:18.516,2,0,on/off road
5111,00:02:18.556,1,0,on/off road
5112,00:02:18.596,1,0,on/off road
5113,00:02:18.616,1,0,on/off road
5116,00:02:18.656,4,0,on/off road
5117,00:02:18.676,4,0,on/off road
5120,00:02:18.716,1,0,on/off road
5121,00:02:18.736,1,0,on/off road
5122,00:02:18.776,1,0,on/off road
5123,00:02:18.816,1,0,on/off road
5124,00:02:18.836,1,0,on/off road
5127,00:02:18.856,1,0,on/off road
5128,00:02:18.916,1,0,on/off road
5130,00:02:18.956,1,0,on/off road
5133,00:02:19.016,3,0,on/off road
5134,00:02:19.056,3,0,on/off road
5137,00:02:19.096,2,1,on/off road
5138,00:02:19.176,2,1,on/off road
5140,00:02:19.196,4,0,on/off road
5141,00:02:19.216,4,0,on/off road
5142,00:02:19.416,4,0,on/off road
5143,00:02:19.436,4,0,on/off road
5144,00:02:19.456,4,0,on/off road
5147,00:02:19.516,4,0,on/off road
5148,00:02:19.576,4,0,on/off road
5149,00:02:19.596,4,0,on/off road
5150,00:02:19.636,4,0,on/off road
5151,00:02:19.656,3,1,on/off road
5152,00:02:19.676,3,1,on/off road
5153,00:02:19.696,3,1,on/off road
5154,00:02:19.716,3,1,on/off road
5156,00:02:19.736,3,1,on/off road
5157,00:02:19.756,3,1,on/off road
5158,00:02:19.776,3,1,on/off road
5159,00:02:19.796,3,1,on/off road
5160,00:02:19.836,3,1,on/off road
5163,00:02:19.915,3,2,on/off road
5165,00:02:19.935,3,2,on/off road
5168,00:02:19.975,3,1,on/off road
5169,00:02:20.115,3,1,on/off road
5170,00:02:20.195,3,1,on/off road
5172,00:02:20.215,3,1,on/off road
